ISO-10303-21;
HEADER;
/* Generated by software containing ST-Developer
 * from STEP Tools, Inc. (www.steptools.com) 
 */
/* OPTION: using custom renumber hook */

FILE_DESCRIPTION(
/* description */ ('STEP AP242 Edition 2',
'CAx-IF Rec.Pracs.---Representation and Presentation of Product Manufa
cturing Information (PMI)---4.0---2014-10-13',
'CAx-IF Rec.Pracs.---3D Tessellated Geometry---0.4---2014-09-14','2;1',
'CAx-IF Rec.Pracs.---User Defined Attributes---1.5---2016-08-15'),
/* implementation_level */ '2;1');

FILE_NAME(
/* name */ 'Dummy Sky',
/* time_stamp */ '2026-09-04T00:29:14Z',
/* author */ (''),
/* organization */ (''),
/* preprocessor_version */ 'ST-DEVELOPER v20',
/* originating_system */ 'ONSHAPE BY PTC INC, 1.220',
/* authorisation */ '  ');

FILE_SCHEMA (('AP242_MANAGED_MODEL_BASED_3D_ENGINEERING_MIM_LF { 1 0 10303 442 3 1 4 }'));
ENDSEC;

DATA;
#10=SHAPE_REPRESENTATION_RELATIONSHIP('','',#1993,#11);
#11=ADVANCED_BREP_SHAPE_REPRESENTATION('',(#1991),#3289);
#12=CYLINDRICAL_SURFACE('',#2090,0.0005);
#13=CYLINDRICAL_SURFACE('',#2092,0.0005);
#14=CYLINDRICAL_SURFACE('',#2093,0.0005);
#15=CYLINDRICAL_SURFACE('',#2095,0.0005);
#16=CYLINDRICAL_SURFACE('',#2097,0.0005);
#17=CYLINDRICAL_SURFACE('',#2099,0.0005);
#18=CYLINDRICAL_SURFACE('',#2101,0.0005);
#19=CYLINDRICAL_SURFACE('',#2103,0.0005);
#20=CYLINDRICAL_SURFACE('',#2105,0.0005);
#21=CYLINDRICAL_SURFACE('',#2107,0.0005);
#22=CYLINDRICAL_SURFACE('',#2109,0.0005);
#23=CYLINDRICAL_SURFACE('',#2111,0.0005);
#24=CYLINDRICAL_SURFACE('',#2113,0.0005);
#25=CYLINDRICAL_SURFACE('',#2115,0.0005);
#26=CYLINDRICAL_SURFACE('',#2117,0.0005);
#27=CYLINDRICAL_SURFACE('',#2119,0.0005);
#28=CYLINDRICAL_SURFACE('',#2121,0.0005);
#29=CYLINDRICAL_SURFACE('',#2123,0.0005);
#30=CYLINDRICAL_SURFACE('',#2125,0.0005);
#31=CYLINDRICAL_SURFACE('',#2127,0.0005);
#32=CYLINDRICAL_SURFACE('',#2129,0.0005);
#33=CYLINDRICAL_SURFACE('',#2131,0.0005);
#34=CYLINDRICAL_SURFACE('',#2133,0.0005);
#35=CYLINDRICAL_SURFACE('',#2135,0.0005);
#36=CYLINDRICAL_SURFACE('',#2137,0.0005);
#37=CYLINDRICAL_SURFACE('',#2139,0.0005);
#38=CYLINDRICAL_SURFACE('',#2141,0.0005);
#39=CYLINDRICAL_SURFACE('',#2143,0.0005);
#40=CYLINDRICAL_SURFACE('',#2145,0.0005);
#41=CYLINDRICAL_SURFACE('',#2147,0.0005);
#42=CYLINDRICAL_SURFACE('',#2149,0.0005);
#43=CYLINDRICAL_SURFACE('',#2151,0.0005);
#44=CYLINDRICAL_SURFACE('',#2153,0.0005);
#45=CYLINDRICAL_SURFACE('',#2155,0.0005);
#46=CYLINDRICAL_SURFACE('',#2157,0.0005);
#47=CYLINDRICAL_SURFACE('',#2159,0.0005);
#48=CYLINDRICAL_SURFACE('',#2161,0.0005);
#49=CYLINDRICAL_SURFACE('',#2163,0.0005);
#50=CYLINDRICAL_SURFACE('',#2165,0.0005);
#51=CYLINDRICAL_SURFACE('',#2167,0.0005);
#52=CIRCLE('',#1998,0.0005);
#53=CIRCLE('',#1999,0.0005);
#54=CIRCLE('',#2000,0.0005);
#55=CIRCLE('',#2001,0.0005);
#56=CIRCLE('',#2002,0.0005);
#57=CIRCLE('',#2003,0.0005);
#58=CIRCLE('',#2004,0.0005);
#59=CIRCLE('',#2005,0.0005);
#60=CIRCLE('',#2006,0.0005);
#61=CIRCLE('',#2007,0.0005);
#62=CIRCLE('',#2008,0.0005);
#63=CIRCLE('',#2009,0.0005);
#64=CIRCLE('',#2010,0.0005);
#65=CIRCLE('',#2011,0.0005);
#66=CIRCLE('',#2012,0.0005);
#67=CIRCLE('',#2013,0.0005);
#68=CIRCLE('',#2014,0.0005);
#69=CIRCLE('',#2015,0.0005);
#70=CIRCLE('',#2016,0.0005);
#71=CIRCLE('',#2017,0.0005);
#72=CIRCLE('',#2018,0.0005);
#73=CIRCLE('',#2019,0.0005);
#74=CIRCLE('',#2020,0.0005);
#75=CIRCLE('',#2021,0.0005);
#76=CIRCLE('',#2022,0.0005);
#77=CIRCLE('',#2023,0.0005);
#78=CIRCLE('',#2024,0.0005);
#79=CIRCLE('',#2025,0.0005);
#80=CIRCLE('',#2026,0.0005);
#81=CIRCLE('',#2027,0.0005);
#82=CIRCLE('',#2028,0.0005);
#83=CIRCLE('',#2029,0.0005);
#84=CIRCLE('',#2030,0.0005);
#85=CIRCLE('',#2031,0.0005);
#86=CIRCLE('',#2032,0.0005);
#87=CIRCLE('',#2033,0.0005);
#88=CIRCLE('',#2034,0.0005);
#89=CIRCLE('',#2035,0.0005);
#90=CIRCLE('',#2036,0.0005);
#91=CIRCLE('',#2037,0.0005);
#92=CIRCLE('',#2047,0.0005);
#93=CIRCLE('',#2048,0.0005);
#94=CIRCLE('',#2049,0.0005);
#95=CIRCLE('',#2050,0.0005);
#96=CIRCLE('',#2051,0.0005);
#97=CIRCLE('',#2052,0.0005);
#98=CIRCLE('',#2053,0.0005);
#99=CIRCLE('',#2054,0.0005);
#100=CIRCLE('',#2055,0.0005);
#101=CIRCLE('',#2056,0.0005);
#102=CIRCLE('',#2057,0.0005);
#103=CIRCLE('',#2058,0.0005);
#104=CIRCLE('',#2059,0.0005);
#105=CIRCLE('',#2060,0.0005);
#106=CIRCLE('',#2061,0.0005);
#107=CIRCLE('',#2062,0.0005);
#108=CIRCLE('',#2063,0.0005);
#109=CIRCLE('',#2064,0.0005);
#110=CIRCLE('',#2065,0.0005);
#111=CIRCLE('',#2066,0.0005);
#112=CIRCLE('',#2067,0.0005);
#113=CIRCLE('',#2068,0.0005);
#114=CIRCLE('',#2069,0.0005);
#115=CIRCLE('',#2070,0.0005);
#116=CIRCLE('',#2071,0.0005);
#117=CIRCLE('',#2072,0.0005);
#118=CIRCLE('',#2073,0.0005);
#119=CIRCLE('',#2074,0.0005);
#120=CIRCLE('',#2075,0.0005);
#121=CIRCLE('',#2076,0.0005);
#122=CIRCLE('',#2077,0.0005);
#123=CIRCLE('',#2078,0.0005);
#124=CIRCLE('',#2079,0.0005);
#125=CIRCLE('',#2080,0.0005);
#126=CIRCLE('',#2081,0.0005);
#127=CIRCLE('',#2082,0.0005);
#128=CIRCLE('',#2083,0.0005);
#129=CIRCLE('',#2084,0.0005);
#130=CIRCLE('',#2085,0.0005);
#131=CIRCLE('',#2086,0.0005);
#132=ORIENTED_EDGE('',*,*,#692,.F.);
#133=ORIENTED_EDGE('',*,*,#693,.T.);
#134=ORIENTED_EDGE('',*,*,#694,.T.);
#135=ORIENTED_EDGE('',*,*,#695,.F.);
#136=ORIENTED_EDGE('',*,*,#696,.F.);
#137=ORIENTED_EDGE('',*,*,#692,.T.);
#138=ORIENTED_EDGE('',*,*,#697,.T.);
#139=ORIENTED_EDGE('',*,*,#698,.F.);
#140=ORIENTED_EDGE('',*,*,#699,.F.);
#141=ORIENTED_EDGE('',*,*,#700,.F.);
#142=ORIENTED_EDGE('',*,*,#701,.T.);
#143=ORIENTED_EDGE('',*,*,#702,.F.);
#144=ORIENTED_EDGE('',*,*,#703,.F.);
#145=ORIENTED_EDGE('',*,*,#704,.F.);
#146=ORIENTED_EDGE('',*,*,#705,.F.);
#147=ORIENTED_EDGE('',*,*,#706,.T.);
#148=ORIENTED_EDGE('',*,*,#707,.F.);
#149=ORIENTED_EDGE('',*,*,#708,.F.);
#150=ORIENTED_EDGE('',*,*,#709,.F.);
#151=ORIENTED_EDGE('',*,*,#710,.T.);
#152=ORIENTED_EDGE('',*,*,#711,.F.);
#153=ORIENTED_EDGE('',*,*,#712,.F.);
#154=ORIENTED_EDGE('',*,*,#713,.F.);
#155=ORIENTED_EDGE('',*,*,#714,.T.);
#156=ORIENTED_EDGE('',*,*,#715,.F.);
#157=ORIENTED_EDGE('',*,*,#716,.F.);
#158=ORIENTED_EDGE('',*,*,#717,.F.);
#159=ORIENTED_EDGE('',*,*,#718,.T.);
#160=ORIENTED_EDGE('',*,*,#719,.F.);
#161=ORIENTED_EDGE('',*,*,#720,.F.);
#162=ORIENTED_EDGE('',*,*,#721,.F.);
#163=ORIENTED_EDGE('',*,*,#722,.T.);
#164=ORIENTED_EDGE('',*,*,#723,.F.);
#165=ORIENTED_EDGE('',*,*,#724,.F.);
#166=ORIENTED_EDGE('',*,*,#725,.F.);
#167=ORIENTED_EDGE('',*,*,#726,.T.);
#168=ORIENTED_EDGE('',*,*,#727,.F.);
#169=ORIENTED_EDGE('',*,*,#728,.F.);
#170=ORIENTED_EDGE('',*,*,#729,.F.);
#171=ORIENTED_EDGE('',*,*,#730,.T.);
#172=ORIENTED_EDGE('',*,*,#731,.F.);
#173=ORIENTED_EDGE('',*,*,#732,.F.);
#174=ORIENTED_EDGE('',*,*,#733,.F.);
#175=ORIENTED_EDGE('',*,*,#734,.T.);
#176=ORIENTED_EDGE('',*,*,#735,.F.);
#177=ORIENTED_EDGE('',*,*,#736,.F.);
#178=ORIENTED_EDGE('',*,*,#737,.F.);
#179=ORIENTED_EDGE('',*,*,#738,.T.);
#180=ORIENTED_EDGE('',*,*,#739,.F.);
#181=ORIENTED_EDGE('',*,*,#740,.F.);
#182=ORIENTED_EDGE('',*,*,#741,.F.);
#183=ORIENTED_EDGE('',*,*,#742,.T.);
#184=ORIENTED_EDGE('',*,*,#743,.F.);
#185=ORIENTED_EDGE('',*,*,#744,.F.);
#186=ORIENTED_EDGE('',*,*,#745,.F.);
#187=ORIENTED_EDGE('',*,*,#746,.T.);
#188=ORIENTED_EDGE('',*,*,#747,.F.);
#189=ORIENTED_EDGE('',*,*,#748,.F.);
#190=ORIENTED_EDGE('',*,*,#749,.F.);
#191=ORIENTED_EDGE('',*,*,#750,.T.);
#192=ORIENTED_EDGE('',*,*,#751,.F.);
#193=ORIENTED_EDGE('',*,*,#752,.F.);
#194=ORIENTED_EDGE('',*,*,#753,.F.);
#195=ORIENTED_EDGE('',*,*,#754,.T.);
#196=ORIENTED_EDGE('',*,*,#755,.F.);
#197=ORIENTED_EDGE('',*,*,#756,.F.);
#198=ORIENTED_EDGE('',*,*,#757,.F.);
#199=ORIENTED_EDGE('',*,*,#758,.T.);
#200=ORIENTED_EDGE('',*,*,#759,.F.);
#201=ORIENTED_EDGE('',*,*,#760,.F.);
#202=ORIENTED_EDGE('',*,*,#761,.F.);
#203=ORIENTED_EDGE('',*,*,#762,.T.);
#204=ORIENTED_EDGE('',*,*,#763,.F.);
#205=ORIENTED_EDGE('',*,*,#764,.F.);
#206=ORIENTED_EDGE('',*,*,#765,.F.);
#207=ORIENTED_EDGE('',*,*,#766,.T.);
#208=ORIENTED_EDGE('',*,*,#767,.F.);
#209=ORIENTED_EDGE('',*,*,#768,.F.);
#210=ORIENTED_EDGE('',*,*,#769,.F.);
#211=ORIENTED_EDGE('',*,*,#770,.T.);
#212=ORIENTED_EDGE('',*,*,#771,.F.);
#213=ORIENTED_EDGE('',*,*,#772,.F.);
#214=ORIENTED_EDGE('',*,*,#773,.F.);
#215=ORIENTED_EDGE('',*,*,#774,.T.);
#216=ORIENTED_EDGE('',*,*,#775,.F.);
#217=ORIENTED_EDGE('',*,*,#776,.F.);
#218=ORIENTED_EDGE('',*,*,#777,.F.);
#219=ORIENTED_EDGE('',*,*,#778,.T.);
#220=ORIENTED_EDGE('',*,*,#779,.F.);
#221=ORIENTED_EDGE('',*,*,#698,.T.);
#222=ORIENTED_EDGE('',*,*,#780,.T.);
#223=ORIENTED_EDGE('',*,*,#781,.F.);
#224=ORIENTED_EDGE('',*,*,#782,.F.);
#225=ORIENTED_EDGE('',*,*,#783,.T.);
#226=ORIENTED_EDGE('',*,*,#781,.T.);
#227=ORIENTED_EDGE('',*,*,#784,.F.);
#228=ORIENTED_EDGE('',*,*,#785,.F.);
#229=ORIENTED_EDGE('',*,*,#786,.T.);
#230=ORIENTED_EDGE('',*,*,#782,.T.);
#231=ORIENTED_EDGE('',*,*,#787,.F.);
#232=ORIENTED_EDGE('',*,*,#788,.T.);
#233=ORIENTED_EDGE('',*,*,#789,.T.);
#234=ORIENTED_EDGE('',*,*,#790,.F.);
#235=ORIENTED_EDGE('',*,*,#791,.F.);
#236=ORIENTED_EDGE('',*,*,#792,.T.);
#237=ORIENTED_EDGE('',*,*,#793,.T.);
#238=ORIENTED_EDGE('',*,*,#794,.F.);
#239=ORIENTED_EDGE('',*,*,#795,.F.);
#240=ORIENTED_EDGE('',*,*,#796,.F.);
#241=ORIENTED_EDGE('',*,*,#797,.F.);
#242=ORIENTED_EDGE('',*,*,#795,.T.);
#243=ORIENTED_EDGE('',*,*,#798,.T.);
#244=ORIENTED_EDGE('',*,*,#799,.T.);
#245=ORIENTED_EDGE('',*,*,#694,.F.);
#246=ORIENTED_EDGE('',*,*,#800,.F.);
#247=ORIENTED_EDGE('',*,*,#788,.F.);
#248=ORIENTED_EDGE('',*,*,#797,.T.);
#249=ORIENTED_EDGE('',*,*,#801,.F.);
#250=ORIENTED_EDGE('',*,*,#802,.F.);
#251=ORIENTED_EDGE('',*,*,#790,.T.);
#252=ORIENTED_EDGE('',*,*,#803,.T.);
#253=ORIENTED_EDGE('',*,*,#785,.T.);
#254=ORIENTED_EDGE('',*,*,#804,.F.);
#255=ORIENTED_EDGE('',*,*,#805,.F.);
#256=ORIENTED_EDGE('',*,*,#791,.T.);
#257=ORIENTED_EDGE('',*,*,#802,.T.);
#258=ORIENTED_EDGE('',*,*,#806,.T.);
#259=ORIENTED_EDGE('',*,*,#807,.F.);
#260=ORIENTED_EDGE('',*,*,#792,.F.);
#261=ORIENTED_EDGE('',*,*,#805,.T.);
#262=ORIENTED_EDGE('',*,*,#808,.T.);
#263=ORIENTED_EDGE('',*,*,#809,.F.);
#264=ORIENTED_EDGE('',*,*,#810,.T.);
#265=ORIENTED_EDGE('',*,*,#811,.T.);
#266=ORIENTED_EDGE('',*,*,#812,.T.);
#267=ORIENTED_EDGE('',*,*,#813,.F.);
#268=ORIENTED_EDGE('',*,*,#814,.T.);
#269=ORIENTED_EDGE('',*,*,#815,.T.);
#270=ORIENTED_EDGE('',*,*,#816,.T.);
#271=ORIENTED_EDGE('',*,*,#817,.F.);
#272=ORIENTED_EDGE('',*,*,#818,.T.);
#273=ORIENTED_EDGE('',*,*,#819,.T.);
#274=ORIENTED_EDGE('',*,*,#820,.T.);
#275=ORIENTED_EDGE('',*,*,#821,.F.);
#276=ORIENTED_EDGE('',*,*,#822,.T.);
#277=ORIENTED_EDGE('',*,*,#823,.T.);
#278=ORIENTED_EDGE('',*,*,#824,.T.);
#279=ORIENTED_EDGE('',*,*,#825,.F.);
#280=ORIENTED_EDGE('',*,*,#826,.T.);
#281=ORIENTED_EDGE('',*,*,#827,.T.);
#282=ORIENTED_EDGE('',*,*,#828,.T.);
#283=ORIENTED_EDGE('',*,*,#829,.F.);
#284=ORIENTED_EDGE('',*,*,#830,.T.);
#285=ORIENTED_EDGE('',*,*,#831,.T.);
#286=ORIENTED_EDGE('',*,*,#832,.T.);
#287=ORIENTED_EDGE('',*,*,#833,.F.);
#288=ORIENTED_EDGE('',*,*,#834,.T.);
#289=ORIENTED_EDGE('',*,*,#835,.T.);
#290=ORIENTED_EDGE('',*,*,#836,.T.);
#291=ORIENTED_EDGE('',*,*,#837,.F.);
#292=ORIENTED_EDGE('',*,*,#838,.T.);
#293=ORIENTED_EDGE('',*,*,#839,.T.);
#294=ORIENTED_EDGE('',*,*,#840,.T.);
#295=ORIENTED_EDGE('',*,*,#841,.F.);
#296=ORIENTED_EDGE('',*,*,#842,.T.);
#297=ORIENTED_EDGE('',*,*,#843,.T.);
#298=ORIENTED_EDGE('',*,*,#844,.T.);
#299=ORIENTED_EDGE('',*,*,#845,.F.);
#300=ORIENTED_EDGE('',*,*,#846,.T.);
#301=ORIENTED_EDGE('',*,*,#847,.T.);
#302=ORIENTED_EDGE('',*,*,#848,.T.);
#303=ORIENTED_EDGE('',*,*,#849,.F.);
#304=ORIENTED_EDGE('',*,*,#850,.T.);
#305=ORIENTED_EDGE('',*,*,#851,.T.);
#306=ORIENTED_EDGE('',*,*,#852,.T.);
#307=ORIENTED_EDGE('',*,*,#853,.F.);
#308=ORIENTED_EDGE('',*,*,#854,.T.);
#309=ORIENTED_EDGE('',*,*,#855,.T.);
#310=ORIENTED_EDGE('',*,*,#856,.T.);
#311=ORIENTED_EDGE('',*,*,#857,.F.);
#312=ORIENTED_EDGE('',*,*,#858,.T.);
#313=ORIENTED_EDGE('',*,*,#859,.T.);
#314=ORIENTED_EDGE('',*,*,#860,.T.);
#315=ORIENTED_EDGE('',*,*,#861,.F.);
#316=ORIENTED_EDGE('',*,*,#862,.T.);
#317=ORIENTED_EDGE('',*,*,#863,.T.);
#318=ORIENTED_EDGE('',*,*,#864,.T.);
#319=ORIENTED_EDGE('',*,*,#865,.F.);
#320=ORIENTED_EDGE('',*,*,#866,.T.);
#321=ORIENTED_EDGE('',*,*,#867,.T.);
#322=ORIENTED_EDGE('',*,*,#868,.T.);
#323=ORIENTED_EDGE('',*,*,#869,.F.);
#324=ORIENTED_EDGE('',*,*,#870,.T.);
#325=ORIENTED_EDGE('',*,*,#871,.T.);
#326=ORIENTED_EDGE('',*,*,#872,.T.);
#327=ORIENTED_EDGE('',*,*,#873,.F.);
#328=ORIENTED_EDGE('',*,*,#874,.T.);
#329=ORIENTED_EDGE('',*,*,#875,.T.);
#330=ORIENTED_EDGE('',*,*,#876,.T.);
#331=ORIENTED_EDGE('',*,*,#877,.F.);
#332=ORIENTED_EDGE('',*,*,#878,.T.);
#333=ORIENTED_EDGE('',*,*,#879,.T.);
#334=ORIENTED_EDGE('',*,*,#880,.T.);
#335=ORIENTED_EDGE('',*,*,#881,.F.);
#336=ORIENTED_EDGE('',*,*,#882,.T.);
#337=ORIENTED_EDGE('',*,*,#883,.T.);
#338=ORIENTED_EDGE('',*,*,#884,.T.);
#339=ORIENTED_EDGE('',*,*,#885,.T.);
#340=ORIENTED_EDGE('',*,*,#886,.F.);
#341=ORIENTED_EDGE('',*,*,#887,.T.);
#342=ORIENTED_EDGE('',*,*,#888,.T.);
#343=ORIENTED_EDGE('',*,*,#889,.F.);
#344=ORIENTED_EDGE('',*,*,#793,.F.);
#345=ORIENTED_EDGE('',*,*,#807,.T.);
#346=ORIENTED_EDGE('',*,*,#890,.F.);
#347=ORIENTED_EDGE('',*,*,#798,.F.);
#348=ORIENTED_EDGE('',*,*,#794,.T.);
#349=ORIENTED_EDGE('',*,*,#889,.T.);
#350=ORIENTED_EDGE('',*,*,#796,.T.);
#351=ORIENTED_EDGE('',*,*,#890,.T.);
#352=ORIENTED_EDGE('',*,*,#888,.F.);
#353=ORIENTED_EDGE('',*,*,#806,.F.);
#354=ORIENTED_EDGE('',*,*,#804,.T.);
#355=ORIENTED_EDGE('',*,*,#801,.T.);
#356=ORIENTED_EDGE('',*,*,#787,.T.);
#357=ORIENTED_EDGE('',*,*,#784,.T.);
#358=ORIENTED_EDGE('',*,*,#780,.F.);
#359=ORIENTED_EDGE('',*,*,#697,.F.);
#360=ORIENTED_EDGE('',*,*,#695,.T.);
#361=ORIENTED_EDGE('',*,*,#799,.F.);
#362=ORIENTED_EDGE('',*,*,#699,.T.);
#363=ORIENTED_EDGE('',*,*,#891,.T.);
#364=ORIENTED_EDGE('',*,*,#884,.F.);
#365=ORIENTED_EDGE('',*,*,#892,.F.);
#366=ORIENTED_EDGE('',*,*,#700,.T.);
#367=ORIENTED_EDGE('',*,*,#892,.T.);
#368=ORIENTED_EDGE('',*,*,#887,.F.);
#369=ORIENTED_EDGE('',*,*,#893,.F.);
#370=ORIENTED_EDGE('',*,*,#893,.T.);
#371=ORIENTED_EDGE('',*,*,#886,.T.);
#372=ORIENTED_EDGE('',*,*,#894,.F.);
#373=ORIENTED_EDGE('',*,*,#701,.F.);
#374=ORIENTED_EDGE('',*,*,#702,.T.);
#375=ORIENTED_EDGE('',*,*,#894,.T.);
#376=ORIENTED_EDGE('',*,*,#885,.F.);
#377=ORIENTED_EDGE('',*,*,#891,.F.);
#378=ORIENTED_EDGE('',*,*,#703,.T.);
#379=ORIENTED_EDGE('',*,*,#895,.T.);
#380=ORIENTED_EDGE('',*,*,#880,.F.);
#381=ORIENTED_EDGE('',*,*,#896,.F.);
#382=ORIENTED_EDGE('',*,*,#704,.T.);
#383=ORIENTED_EDGE('',*,*,#896,.T.);
#384=ORIENTED_EDGE('',*,*,#883,.F.);
#385=ORIENTED_EDGE('',*,*,#897,.F.);
#386=ORIENTED_EDGE('',*,*,#705,.T.);
#387=ORIENTED_EDGE('',*,*,#897,.T.);
#388=ORIENTED_EDGE('',*,*,#882,.F.);
#389=ORIENTED_EDGE('',*,*,#898,.F.);
#390=ORIENTED_EDGE('',*,*,#898,.T.);
#391=ORIENTED_EDGE('',*,*,#881,.T.);
#392=ORIENTED_EDGE('',*,*,#895,.F.);
#393=ORIENTED_EDGE('',*,*,#706,.F.);
#394=ORIENTED_EDGE('',*,*,#707,.T.);
#395=ORIENTED_EDGE('',*,*,#899,.T.);
#396=ORIENTED_EDGE('',*,*,#876,.F.);
#397=ORIENTED_EDGE('',*,*,#900,.F.);
#398=ORIENTED_EDGE('',*,*,#708,.T.);
#399=ORIENTED_EDGE('',*,*,#900,.T.);
#400=ORIENTED_EDGE('',*,*,#879,.F.);
#401=ORIENTED_EDGE('',*,*,#901,.F.);
#402=ORIENTED_EDGE('',*,*,#709,.T.);
#403=ORIENTED_EDGE('',*,*,#901,.T.);
#404=ORIENTED_EDGE('',*,*,#878,.F.);
#405=ORIENTED_EDGE('',*,*,#902,.F.);
#406=ORIENTED_EDGE('',*,*,#902,.T.);
#407=ORIENTED_EDGE('',*,*,#877,.T.);
#408=ORIENTED_EDGE('',*,*,#899,.F.);
#409=ORIENTED_EDGE('',*,*,#710,.F.);
#410=ORIENTED_EDGE('',*,*,#711,.T.);
#411=ORIENTED_EDGE('',*,*,#903,.T.);
#412=ORIENTED_EDGE('',*,*,#872,.F.);
#413=ORIENTED_EDGE('',*,*,#904,.F.);
#414=ORIENTED_EDGE('',*,*,#712,.T.);
#415=ORIENTED_EDGE('',*,*,#904,.T.);
#416=ORIENTED_EDGE('',*,*,#875,.F.);
#417=ORIENTED_EDGE('',*,*,#905,.F.);
#418=ORIENTED_EDGE('',*,*,#713,.T.);
#419=ORIENTED_EDGE('',*,*,#905,.T.);
#420=ORIENTED_EDGE('',*,*,#874,.F.);
#421=ORIENTED_EDGE('',*,*,#906,.F.);
#422=ORIENTED_EDGE('',*,*,#906,.T.);
#423=ORIENTED_EDGE('',*,*,#873,.T.);
#424=ORIENTED_EDGE('',*,*,#903,.F.);
#425=ORIENTED_EDGE('',*,*,#714,.F.);
#426=ORIENTED_EDGE('',*,*,#715,.T.);
#427=ORIENTED_EDGE('',*,*,#907,.T.);
#428=ORIENTED_EDGE('',*,*,#868,.F.);
#429=ORIENTED_EDGE('',*,*,#908,.F.);
#430=ORIENTED_EDGE('',*,*,#716,.T.);
#431=ORIENTED_EDGE('',*,*,#908,.T.);
#432=ORIENTED_EDGE('',*,*,#871,.F.);
#433=ORIENTED_EDGE('',*,*,#909,.F.);
#434=ORIENTED_EDGE('',*,*,#717,.T.);
#435=ORIENTED_EDGE('',*,*,#909,.T.);
#436=ORIENTED_EDGE('',*,*,#870,.F.);
#437=ORIENTED_EDGE('',*,*,#910,.F.);
#438=ORIENTED_EDGE('',*,*,#910,.T.);
#439=ORIENTED_EDGE('',*,*,#869,.T.);
#440=ORIENTED_EDGE('',*,*,#907,.F.);
#441=ORIENTED_EDGE('',*,*,#718,.F.);
#442=ORIENTED_EDGE('',*,*,#719,.T.);
#443=ORIENTED_EDGE('',*,*,#911,.T.);
#444=ORIENTED_EDGE('',*,*,#864,.F.);
#445=ORIENTED_EDGE('',*,*,#912,.F.);
#446=ORIENTED_EDGE('',*,*,#720,.T.);
#447=ORIENTED_EDGE('',*,*,#912,.T.);
#448=ORIENTED_EDGE('',*,*,#867,.F.);
#449=ORIENTED_EDGE('',*,*,#913,.F.);
#450=ORIENTED_EDGE('',*,*,#721,.T.);
#451=ORIENTED_EDGE('',*,*,#913,.T.);
#452=ORIENTED_EDGE('',*,*,#866,.F.);
#453=ORIENTED_EDGE('',*,*,#914,.F.);
#454=ORIENTED_EDGE('',*,*,#914,.T.);
#455=ORIENTED_EDGE('',*,*,#865,.T.);
#456=ORIENTED_EDGE('',*,*,#911,.F.);
#457=ORIENTED_EDGE('',*,*,#722,.F.);
#458=ORIENTED_EDGE('',*,*,#723,.T.);
#459=ORIENTED_EDGE('',*,*,#915,.T.);
#460=ORIENTED_EDGE('',*,*,#860,.F.);
#461=ORIENTED_EDGE('',*,*,#916,.F.);
#462=ORIENTED_EDGE('',*,*,#724,.T.);
#463=ORIENTED_EDGE('',*,*,#916,.T.);
#464=ORIENTED_EDGE('',*,*,#863,.F.);
#465=ORIENTED_EDGE('',*,*,#917,.F.);
#466=ORIENTED_EDGE('',*,*,#725,.T.);
#467=ORIENTED_EDGE('',*,*,#917,.T.);
#468=ORIENTED_EDGE('',*,*,#862,.F.);
#469=ORIENTED_EDGE('',*,*,#918,.F.);
#470=ORIENTED_EDGE('',*,*,#918,.T.);
#471=ORIENTED_EDGE('',*,*,#861,.T.);
#472=ORIENTED_EDGE('',*,*,#915,.F.);
#473=ORIENTED_EDGE('',*,*,#726,.F.);
#474=ORIENTED_EDGE('',*,*,#727,.T.);
#475=ORIENTED_EDGE('',*,*,#919,.T.);
#476=ORIENTED_EDGE('',*,*,#856,.F.);
#477=ORIENTED_EDGE('',*,*,#920,.F.);
#478=ORIENTED_EDGE('',*,*,#728,.T.);
#479=ORIENTED_EDGE('',*,*,#920,.T.);
#480=ORIENTED_EDGE('',*,*,#859,.F.);
#481=ORIENTED_EDGE('',*,*,#921,.F.);
#482=ORIENTED_EDGE('',*,*,#729,.T.);
#483=ORIENTED_EDGE('',*,*,#921,.T.);
#484=ORIENTED_EDGE('',*,*,#858,.F.);
#485=ORIENTED_EDGE('',*,*,#922,.F.);
#486=ORIENTED_EDGE('',*,*,#922,.T.);
#487=ORIENTED_EDGE('',*,*,#857,.T.);
#488=ORIENTED_EDGE('',*,*,#919,.F.);
#489=ORIENTED_EDGE('',*,*,#730,.F.);
#490=ORIENTED_EDGE('',*,*,#731,.T.);
#491=ORIENTED_EDGE('',*,*,#923,.T.);
#492=ORIENTED_EDGE('',*,*,#852,.F.);
#493=ORIENTED_EDGE('',*,*,#924,.F.);
#494=ORIENTED_EDGE('',*,*,#732,.T.);
#495=ORIENTED_EDGE('',*,*,#924,.T.);
#496=ORIENTED_EDGE('',*,*,#855,.F.);
#497=ORIENTED_EDGE('',*,*,#925,.F.);
#498=ORIENTED_EDGE('',*,*,#733,.T.);
#499=ORIENTED_EDGE('',*,*,#925,.T.);
#500=ORIENTED_EDGE('',*,*,#854,.F.);
#501=ORIENTED_EDGE('',*,*,#926,.F.);
#502=ORIENTED_EDGE('',*,*,#926,.T.);
#503=ORIENTED_EDGE('',*,*,#853,.T.);
#504=ORIENTED_EDGE('',*,*,#923,.F.);
#505=ORIENTED_EDGE('',*,*,#734,.F.);
#506=ORIENTED_EDGE('',*,*,#735,.T.);
#507=ORIENTED_EDGE('',*,*,#927,.T.);
#508=ORIENTED_EDGE('',*,*,#848,.F.);
#509=ORIENTED_EDGE('',*,*,#928,.F.);
#510=ORIENTED_EDGE('',*,*,#736,.T.);
#511=ORIENTED_EDGE('',*,*,#928,.T.);
#512=ORIENTED_EDGE('',*,*,#851,.F.);
#513=ORIENTED_EDGE('',*,*,#929,.F.);
#514=ORIENTED_EDGE('',*,*,#737,.T.);
#515=ORIENTED_EDGE('',*,*,#929,.T.);
#516=ORIENTED_EDGE('',*,*,#850,.F.);
#517=ORIENTED_EDGE('',*,*,#930,.F.);
#518=ORIENTED_EDGE('',*,*,#930,.T.);
#519=ORIENTED_EDGE('',*,*,#849,.T.);
#520=ORIENTED_EDGE('',*,*,#927,.F.);
#521=ORIENTED_EDGE('',*,*,#738,.F.);
#522=ORIENTED_EDGE('',*,*,#739,.T.);
#523=ORIENTED_EDGE('',*,*,#931,.T.);
#524=ORIENTED_EDGE('',*,*,#844,.F.);
#525=ORIENTED_EDGE('',*,*,#932,.F.);
#526=ORIENTED_EDGE('',*,*,#740,.T.);
#527=ORIENTED_EDGE('',*,*,#932,.T.);
#528=ORIENTED_EDGE('',*,*,#847,.F.);
#529=ORIENTED_EDGE('',*,*,#933,.F.);
#530=ORIENTED_EDGE('',*,*,#741,.T.);
#531=ORIENTED_EDGE('',*,*,#933,.T.);
#532=ORIENTED_EDGE('',*,*,#846,.F.);
#533=ORIENTED_EDGE('',*,*,#934,.F.);
#534=ORIENTED_EDGE('',*,*,#934,.T.);
#535=ORIENTED_EDGE('',*,*,#845,.T.);
#536=ORIENTED_EDGE('',*,*,#931,.F.);
#537=ORIENTED_EDGE('',*,*,#742,.F.);
#538=ORIENTED_EDGE('',*,*,#743,.T.);
#539=ORIENTED_EDGE('',*,*,#935,.T.);
#540=ORIENTED_EDGE('',*,*,#840,.F.);
#541=ORIENTED_EDGE('',*,*,#936,.F.);
#542=ORIENTED_EDGE('',*,*,#744,.T.);
#543=ORIENTED_EDGE('',*,*,#936,.T.);
#544=ORIENTED_EDGE('',*,*,#843,.F.);
#545=ORIENTED_EDGE('',*,*,#937,.F.);
#546=ORIENTED_EDGE('',*,*,#745,.T.);
#547=ORIENTED_EDGE('',*,*,#937,.T.);
#548=ORIENTED_EDGE('',*,*,#842,.F.);
#549=ORIENTED_EDGE('',*,*,#938,.F.);
#550=ORIENTED_EDGE('',*,*,#938,.T.);
#551=ORIENTED_EDGE('',*,*,#841,.T.);
#552=ORIENTED_EDGE('',*,*,#935,.F.);
#553=ORIENTED_EDGE('',*,*,#746,.F.);
#554=ORIENTED_EDGE('',*,*,#747,.T.);
#555=ORIENTED_EDGE('',*,*,#939,.T.);
#556=ORIENTED_EDGE('',*,*,#836,.F.);
#557=ORIENTED_EDGE('',*,*,#940,.F.);
#558=ORIENTED_EDGE('',*,*,#748,.T.);
#559=ORIENTED_EDGE('',*,*,#940,.T.);
#560=ORIENTED_EDGE('',*,*,#839,.F.);
#561=ORIENTED_EDGE('',*,*,#941,.F.);
#562=ORIENTED_EDGE('',*,*,#749,.T.);
#563=ORIENTED_EDGE('',*,*,#941,.T.);
#564=ORIENTED_EDGE('',*,*,#838,.F.);
#565=ORIENTED_EDGE('',*,*,#942,.F.);
#566=ORIENTED_EDGE('',*,*,#942,.T.);
#567=ORIENTED_EDGE('',*,*,#837,.T.);
#568=ORIENTED_EDGE('',*,*,#939,.F.);
#569=ORIENTED_EDGE('',*,*,#750,.F.);
#570=ORIENTED_EDGE('',*,*,#751,.T.);
#571=ORIENTED_EDGE('',*,*,#943,.T.);
#572=ORIENTED_EDGE('',*,*,#832,.F.);
#573=ORIENTED_EDGE('',*,*,#944,.F.);
#574=ORIENTED_EDGE('',*,*,#752,.T.);
#575=ORIENTED_EDGE('',*,*,#944,.T.);
#576=ORIENTED_EDGE('',*,*,#835,.F.);
#577=ORIENTED_EDGE('',*,*,#945,.F.);
#578=ORIENTED_EDGE('',*,*,#753,.T.);
#579=ORIENTED_EDGE('',*,*,#945,.T.);
#580=ORIENTED_EDGE('',*,*,#834,.F.);
#581=ORIENTED_EDGE('',*,*,#946,.F.);
#582=ORIENTED_EDGE('',*,*,#946,.T.);
#583=ORIENTED_EDGE('',*,*,#833,.T.);
#584=ORIENTED_EDGE('',*,*,#943,.F.);
#585=ORIENTED_EDGE('',*,*,#754,.F.);
#586=ORIENTED_EDGE('',*,*,#755,.T.);
#587=ORIENTED_EDGE('',*,*,#947,.T.);
#588=ORIENTED_EDGE('',*,*,#828,.F.);
#589=ORIENTED_EDGE('',*,*,#948,.F.);
#590=ORIENTED_EDGE('',*,*,#756,.T.);
#591=ORIENTED_EDGE('',*,*,#948,.T.);
#592=ORIENTED_EDGE('',*,*,#831,.F.);
#593=ORIENTED_EDGE('',*,*,#949,.F.);
#594=ORIENTED_EDGE('',*,*,#757,.T.);
#595=ORIENTED_EDGE('',*,*,#949,.T.);
#596=ORIENTED_EDGE('',*,*,#830,.F.);
#597=ORIENTED_EDGE('',*,*,#950,.F.);
#598=ORIENTED_EDGE('',*,*,#950,.T.);
#599=ORIENTED_EDGE('',*,*,#829,.T.);
#600=ORIENTED_EDGE('',*,*,#947,.F.);
#601=ORIENTED_EDGE('',*,*,#758,.F.);
#602=ORIENTED_EDGE('',*,*,#759,.T.);
#603=ORIENTED_EDGE('',*,*,#951,.T.);
#604=ORIENTED_EDGE('',*,*,#824,.F.);
#605=ORIENTED_EDGE('',*,*,#952,.F.);
#606=ORIENTED_EDGE('',*,*,#760,.T.);
#607=ORIENTED_EDGE('',*,*,#952,.T.);
#608=ORIENTED_EDGE('',*,*,#827,.F.);
#609=ORIENTED_EDGE('',*,*,#953,.F.);
#610=ORIENTED_EDGE('',*,*,#761,.T.);
#611=ORIENTED_EDGE('',*,*,#953,.T.);
#612=ORIENTED_EDGE('',*,*,#826,.F.);
#613=ORIENTED_EDGE('',*,*,#954,.F.);
#614=ORIENTED_EDGE('',*,*,#954,.T.);
#615=ORIENTED_EDGE('',*,*,#825,.T.);
#616=ORIENTED_EDGE('',*,*,#951,.F.);
#617=ORIENTED_EDGE('',*,*,#762,.F.);
#618=ORIENTED_EDGE('',*,*,#763,.T.);
#619=ORIENTED_EDGE('',*,*,#955,.T.);
#620=ORIENTED_EDGE('',*,*,#820,.F.);
#621=ORIENTED_EDGE('',*,*,#956,.F.);
#622=ORIENTED_EDGE('',*,*,#764,.T.);
#623=ORIENTED_EDGE('',*,*,#956,.T.);
#624=ORIENTED_EDGE('',*,*,#823,.F.);
#625=ORIENTED_EDGE('',*,*,#957,.F.);
#626=ORIENTED_EDGE('',*,*,#765,.T.);
#627=ORIENTED_EDGE('',*,*,#957,.T.);
#628=ORIENTED_EDGE('',*,*,#822,.F.);
#629=ORIENTED_EDGE('',*,*,#958,.F.);
#630=ORIENTED_EDGE('',*,*,#958,.T.);
#631=ORIENTED_EDGE('',*,*,#821,.T.);
#632=ORIENTED_EDGE('',*,*,#955,.F.);
#633=ORIENTED_EDGE('',*,*,#766,.F.);
#634=ORIENTED_EDGE('',*,*,#767,.T.);
#635=ORIENTED_EDGE('',*,*,#959,.T.);
#636=ORIENTED_EDGE('',*,*,#816,.F.);
#637=ORIENTED_EDGE('',*,*,#960,.F.);
#638=ORIENTED_EDGE('',*,*,#768,.T.);
#639=ORIENTED_EDGE('',*,*,#960,.T.);
#640=ORIENTED_EDGE('',*,*,#819,.F.);
#641=ORIENTED_EDGE('',*,*,#961,.F.);
#642=ORIENTED_EDGE('',*,*,#769,.T.);
#643=ORIENTED_EDGE('',*,*,#961,.T.);
#644=ORIENTED_EDGE('',*,*,#818,.F.);
#645=ORIENTED_EDGE('',*,*,#962,.F.);
#646=ORIENTED_EDGE('',*,*,#962,.T.);
#647=ORIENTED_EDGE('',*,*,#817,.T.);
#648=ORIENTED_EDGE('',*,*,#959,.F.);
#649=ORIENTED_EDGE('',*,*,#770,.F.);
#650=ORIENTED_EDGE('',*,*,#771,.T.);
#651=ORIENTED_EDGE('',*,*,#963,.T.);
#652=ORIENTED_EDGE('',*,*,#812,.F.);
#653=ORIENTED_EDGE('',*,*,#964,.F.);
#654=ORIENTED_EDGE('',*,*,#772,.T.);
#655=ORIENTED_EDGE('',*,*,#964,.T.);
#656=ORIENTED_EDGE('',*,*,#815,.F.);
#657=ORIENTED_EDGE('',*,*,#965,.F.);
#658=ORIENTED_EDGE('',*,*,#773,.T.);
#659=ORIENTED_EDGE('',*,*,#965,.T.);
#660=ORIENTED_EDGE('',*,*,#814,.F.);
#661=ORIENTED_EDGE('',*,*,#966,.F.);
#662=ORIENTED_EDGE('',*,*,#966,.T.);
#663=ORIENTED_EDGE('',*,*,#813,.T.);
#664=ORIENTED_EDGE('',*,*,#963,.F.);
#665=ORIENTED_EDGE('',*,*,#774,.F.);
#666=ORIENTED_EDGE('',*,*,#775,.T.);
#667=ORIENTED_EDGE('',*,*,#967,.T.);
#668=ORIENTED_EDGE('',*,*,#808,.F.);
#669=ORIENTED_EDGE('',*,*,#968,.F.);
#670=ORIENTED_EDGE('',*,*,#776,.T.);
#671=ORIENTED_EDGE('',*,*,#968,.T.);
#672=ORIENTED_EDGE('',*,*,#811,.F.);
#673=ORIENTED_EDGE('',*,*,#969,.F.);
#674=ORIENTED_EDGE('',*,*,#777,.T.);
#675=ORIENTED_EDGE('',*,*,#969,.T.);
#676=ORIENTED_EDGE('',*,*,#810,.F.);
#677=ORIENTED_EDGE('',*,*,#970,.F.);
#678=ORIENTED_EDGE('',*,*,#970,.T.);
#679=ORIENTED_EDGE('',*,*,#809,.T.);
#680=ORIENTED_EDGE('',*,*,#967,.F.);
#681=ORIENTED_EDGE('',*,*,#778,.F.);
#682=ORIENTED_EDGE('',*,*,#800,.T.);
#683=ORIENTED_EDGE('',*,*,#971,.T.);
#684=ORIENTED_EDGE('',*,*,#803,.F.);
#685=ORIENTED_EDGE('',*,*,#789,.F.);
#686=ORIENTED_EDGE('',*,*,#779,.T.);
#687=ORIENTED_EDGE('',*,*,#783,.F.);
#688=ORIENTED_EDGE('',*,*,#786,.F.);
#689=ORIENTED_EDGE('',*,*,#971,.F.);
#690=ORIENTED_EDGE('',*,*,#693,.F.);
#691=ORIENTED_EDGE('',*,*,#696,.T.);
#692=EDGE_CURVE('',#972,#973,#1158,.T.);
#693=EDGE_CURVE('',#972,#974,#1159,.T.);
#694=EDGE_CURVE('',#974,#975,#1160,.T.);
#695=EDGE_CURVE('',#973,#975,#1161,.T.);
#696=EDGE_CURVE('',#972,#976,#1162,.T.);
#697=EDGE_CURVE('',#973,#977,#1163,.T.);
#698=EDGE_CURVE('',#976,#977,#1164,.T.);
#699=EDGE_CURVE('',#978,#979,#1165,.T.);
#700=EDGE_CURVE('',#980,#978,#52,.F.);
#701=EDGE_CURVE('',#980,#981,#1166,.T.);
#702=EDGE_CURVE('',#979,#981,#53,.F.);
#703=EDGE_CURVE('',#982,#983,#54,.F.);
#704=EDGE_CURVE('',#984,#982,#1167,.T.);
#705=EDGE_CURVE('',#985,#984,#55,.F.);
#706=EDGE_CURVE('',#985,#983,#1168,.T.);
#707=EDGE_CURVE('',#986,#987,#56,.F.);
#708=EDGE_CURVE('',#988,#986,#1169,.T.);
#709=EDGE_CURVE('',#989,#988,#57,.F.);
#710=EDGE_CURVE('',#989,#987,#1170,.T.);
#711=EDGE_CURVE('',#990,#991,#58,.F.);
#712=EDGE_CURVE('',#992,#990,#1171,.T.);
#713=EDGE_CURVE('',#993,#992,#59,.F.);
#714=EDGE_CURVE('',#993,#991,#1172,.T.);
#715=EDGE_CURVE('',#994,#995,#60,.F.);
#716=EDGE_CURVE('',#996,#994,#1173,.T.);
#717=EDGE_CURVE('',#997,#996,#61,.F.);
#718=EDGE_CURVE('',#997,#995,#1174,.T.);
#719=EDGE_CURVE('',#998,#999,#62,.F.);
#720=EDGE_CURVE('',#1000,#998,#1175,.T.);
#721=EDGE_CURVE('',#1001,#1000,#63,.F.);
#722=EDGE_CURVE('',#1001,#999,#1176,.T.);
#723=EDGE_CURVE('',#1002,#1003,#64,.F.);
#724=EDGE_CURVE('',#1004,#1002,#1177,.T.);
#725=EDGE_CURVE('',#1005,#1004,#65,.F.);
#726=EDGE_CURVE('',#1005,#1003,#1178,.T.);
#727=EDGE_CURVE('',#1006,#1007,#66,.F.);
#728=EDGE_CURVE('',#1008,#1006,#1179,.T.);
#729=EDGE_CURVE('',#1009,#1008,#67,.F.);
#730=EDGE_CURVE('',#1009,#1007,#1180,.T.);
#731=EDGE_CURVE('',#1010,#1011,#68,.F.);
#732=EDGE_CURVE('',#1012,#1010,#1181,.T.);
#733=EDGE_CURVE('',#1013,#1012,#69,.F.);
#734=EDGE_CURVE('',#1013,#1011,#1182,.T.);
#735=EDGE_CURVE('',#1014,#1015,#70,.F.);
#736=EDGE_CURVE('',#1016,#1014,#1183,.T.);
#737=EDGE_CURVE('',#1017,#1016,#71,.F.);
#738=EDGE_CURVE('',#1017,#1015,#1184,.T.);
#739=EDGE_CURVE('',#1018,#1019,#72,.F.);
#740=EDGE_CURVE('',#1020,#1018,#1185,.T.);
#741=EDGE_CURVE('',#1021,#1020,#73,.F.);
#742=EDGE_CURVE('',#1021,#1019,#1186,.T.);
#743=EDGE_CURVE('',#1022,#1023,#74,.F.);
#744=EDGE_CURVE('',#1024,#1022,#1187,.T.);
#745=EDGE_CURVE('',#1025,#1024,#75,.F.);
#746=EDGE_CURVE('',#1025,#1023,#1188,.T.);
#747=EDGE_CURVE('',#1026,#1027,#76,.F.);
#748=EDGE_CURVE('',#1028,#1026,#1189,.T.);
#749=EDGE_CURVE('',#1029,#1028,#77,.F.);
#750=EDGE_CURVE('',#1029,#1027,#1190,.T.);
#751=EDGE_CURVE('',#1030,#1031,#78,.F.);
#752=EDGE_CURVE('',#1032,#1030,#1191,.T.);
#753=EDGE_CURVE('',#1033,#1032,#79,.F.);
#754=EDGE_CURVE('',#1033,#1031,#1192,.T.);
#755=EDGE_CURVE('',#1034,#1035,#80,.F.);
#756=EDGE_CURVE('',#1036,#1034,#1193,.T.);
#757=EDGE_CURVE('',#1037,#1036,#81,.F.);
#758=EDGE_CURVE('',#1037,#1035,#1194,.T.);
#759=EDGE_CURVE('',#1038,#1039,#82,.F.);
#760=EDGE_CURVE('',#1040,#1038,#1195,.T.);
#761=EDGE_CURVE('',#1041,#1040,#83,.F.);
#762=EDGE_CURVE('',#1041,#1039,#1196,.T.);
#763=EDGE_CURVE('',#1042,#1043,#84,.F.);
#764=EDGE_CURVE('',#1044,#1042,#1197,.T.);
#765=EDGE_CURVE('',#1045,#1044,#85,.F.);
#766=EDGE_CURVE('',#1045,#1043,#1198,.T.);
#767=EDGE_CURVE('',#1046,#1047,#86,.F.);
#768=EDGE_CURVE('',#1048,#1046,#1199,.T.);
#769=EDGE_CURVE('',#1049,#1048,#87,.F.);
#770=EDGE_CURVE('',#1049,#1047,#1200,.T.);
#771=EDGE_CURVE('',#1050,#1051,#88,.F.);
#772=EDGE_CURVE('',#1052,#1050,#1201,.T.);
#773=EDGE_CURVE('',#1053,#1052,#89,.F.);
#774=EDGE_CURVE('',#1053,#1051,#1202,.T.);
#775=EDGE_CURVE('',#1054,#1055,#90,.F.);
#776=EDGE_CURVE('',#1056,#1054,#1203,.T.);
#777=EDGE_CURVE('',#1057,#1056,#91,.F.);
#778=EDGE_CURVE('',#1057,#1055,#1204,.T.);
#779=EDGE_CURVE('',#976,#1058,#1205,.T.);
#780=EDGE_CURVE('',#977,#1059,#1206,.T.);
#781=EDGE_CURVE('',#1058,#1059,#1207,.T.);
#782=EDGE_CURVE('',#1060,#1061,#1208,.T.);
#783=EDGE_CURVE('',#1060,#1058,#1209,.T.);
#784=EDGE_CURVE('',#1061,#1059,#1210,.T.);
#785=EDGE_CURVE('',#1062,#1063,#1211,.T.);
#786=EDGE_CURVE('',#1062,#1060,#1212,.T.);
#787=EDGE_CURVE('',#1063,#1061,#1213,.T.);
#788=EDGE_CURVE('',#1064,#1065,#1214,.T.);
#789=EDGE_CURVE('',#1065,#1066,#1215,.T.);
#790=EDGE_CURVE('',#1067,#1066,#1216,.T.);
#791=EDGE_CURVE('',#1068,#1067,#1217,.T.);
#792=EDGE_CURVE('',#1068,#1069,#1218,.T.);
#793=EDGE_CURVE('',#1069,#1070,#1219,.T.);
#794=EDGE_CURVE('',#1071,#1070,#1220,.T.);
#795=EDGE_CURVE('',#1064,#1071,#1221,.T.);
#796=EDGE_CURVE('',#1072,#1073,#1222,.T.);
#797=EDGE_CURVE('',#1064,#1072,#1223,.T.);
#798=EDGE_CURVE('',#1071,#1073,#1224,.T.);
#799=EDGE_CURVE('',#1072,#975,#1225,.T.);
#800=EDGE_CURVE('',#1065,#974,#1226,.T.);
#801=EDGE_CURVE('',#1074,#1063,#1227,.T.);
#802=EDGE_CURVE('',#1067,#1074,#1228,.T.);
#803=EDGE_CURVE('',#1066,#1062,#1229,.T.);
#804=EDGE_CURVE('',#1075,#1074,#1230,.T.);
#805=EDGE_CURVE('',#1068,#1075,#1231,.T.);
#806=EDGE_CURVE('',#1075,#1076,#1232,.T.);
#807=EDGE_CURVE('',#1069,#1076,#1233,.T.);
#808=EDGE_CURVE('',#1077,#1078,#92,.T.);
#809=EDGE_CURVE('',#1079,#1078,#1234,.T.);
#810=EDGE_CURVE('',#1079,#1080,#93,.T.);
#811=EDGE_CURVE('',#1080,#1077,#1235,.T.);
#812=EDGE_CURVE('',#1081,#1082,#94,.T.);
#813=EDGE_CURVE('',#1083,#1082,#1236,.T.);
#814=EDGE_CURVE('',#1083,#1084,#95,.T.);
#815=EDGE_CURVE('',#1084,#1081,#1237,.T.);
#816=EDGE_CURVE('',#1085,#1086,#96,.T.);
#817=EDGE_CURVE('',#1087,#1086,#1238,.T.);
#818=EDGE_CURVE('',#1087,#1088,#97,.T.);
#819=EDGE_CURVE('',#1088,#1085,#1239,.T.);
#820=EDGE_CURVE('',#1089,#1090,#98,.T.);
#821=EDGE_CURVE('',#1091,#1090,#1240,.T.);
#822=EDGE_CURVE('',#1091,#1092,#99,.T.);
#823=EDGE_CURVE('',#1092,#1089,#1241,.T.);
#824=EDGE_CURVE('',#1093,#1094,#100,.T.);
#825=EDGE_CURVE('',#1095,#1094,#1242,.T.);
#826=EDGE_CURVE('',#1095,#1096,#101,.T.);
#827=EDGE_CURVE('',#1096,#1093,#1243,.T.);
#828=EDGE_CURVE('',#1097,#1098,#102,.T.);
#829=EDGE_CURVE('',#1099,#1098,#1244,.T.);
#830=EDGE_CURVE('',#1099,#1100,#103,.T.);
#831=EDGE_CURVE('',#1100,#1097,#1245,.T.);
#832=EDGE_CURVE('',#1101,#1102,#104,.T.);
#833=EDGE_CURVE('',#1103,#1102,#1246,.T.);
#834=EDGE_CURVE('',#1103,#1104,#105,.T.);
#835=EDGE_CURVE('',#1104,#1101,#1247,.T.);
#836=EDGE_CURVE('',#1105,#1106,#106,.T.);
#837=EDGE_CURVE('',#1107,#1106,#1248,.T.);
#838=EDGE_CURVE('',#1107,#1108,#107,.T.);
#839=EDGE_CURVE('',#1108,#1105,#1249,.T.);
#840=EDGE_CURVE('',#1109,#1110,#108,.T.);
#841=EDGE_CURVE('',#1111,#1110,#1250,.T.);
#842=EDGE_CURVE('',#1111,#1112,#109,.T.);
#843=EDGE_CURVE('',#1112,#1109,#1251,.T.);
#844=EDGE_CURVE('',#1113,#1114,#110,.T.);
#845=EDGE_CURVE('',#1115,#1114,#1252,.T.);
#846=EDGE_CURVE('',#1115,#1116,#111,.T.);
#847=EDGE_CURVE('',#1116,#1113,#1253,.T.);
#848=EDGE_CURVE('',#1117,#1118,#112,.T.);
#849=EDGE_CURVE('',#1119,#1118,#1254,.T.);
#850=EDGE_CURVE('',#1119,#1120,#113,.T.);
#851=EDGE_CURVE('',#1120,#1117,#1255,.T.);
#852=EDGE_CURVE('',#1121,#1122,#114,.T.);
#853=EDGE_CURVE('',#1123,#1122,#1256,.T.);
#854=EDGE_CURVE('',#1123,#1124,#115,.T.);
#855=EDGE_CURVE('',#1124,#1121,#1257,.T.);
#856=EDGE_CURVE('',#1125,#1126,#116,.T.);
#857=EDGE_CURVE('',#1127,#1126,#1258,.T.);
#858=EDGE_CURVE('',#1127,#1128,#117,.T.);
#859=EDGE_CURVE('',#1128,#1125,#1259,.T.);
#860=EDGE_CURVE('',#1129,#1130,#118,.T.);
#861=EDGE_CURVE('',#1131,#1130,#1260,.T.);
#862=EDGE_CURVE('',#1131,#1132,#119,.T.);
#863=EDGE_CURVE('',#1132,#1129,#1261,.T.);
#864=EDGE_CURVE('',#1133,#1134,#120,.T.);
#865=EDGE_CURVE('',#1135,#1134,#1262,.T.);
#866=EDGE_CURVE('',#1135,#1136,#121,.T.);
#867=EDGE_CURVE('',#1136,#1133,#1263,.T.);
#868=EDGE_CURVE('',#1137,#1138,#122,.T.);
#869=EDGE_CURVE('',#1139,#1138,#1264,.T.);
#870=EDGE_CURVE('',#1139,#1140,#123,.T.);
#871=EDGE_CURVE('',#1140,#1137,#1265,.T.);
#872=EDGE_CURVE('',#1141,#1142,#124,.T.);
#873=EDGE_CURVE('',#1143,#1142,#1266,.T.);
#874=EDGE_CURVE('',#1143,#1144,#125,.T.);
#875=EDGE_CURVE('',#1144,#1141,#1267,.T.);
#876=EDGE_CURVE('',#1145,#1146,#126,.T.);
#877=EDGE_CURVE('',#1147,#1146,#1268,.T.);
#878=EDGE_CURVE('',#1147,#1148,#127,.T.);
#879=EDGE_CURVE('',#1148,#1145,#1269,.T.);
#880=EDGE_CURVE('',#1149,#1150,#128,.T.);
#881=EDGE_CURVE('',#1151,#1150,#1270,.T.);
#882=EDGE_CURVE('',#1151,#1152,#129,.T.);
#883=EDGE_CURVE('',#1152,#1149,#1271,.T.);
#884=EDGE_CURVE('',#1153,#1154,#1272,.T.);
#885=EDGE_CURVE('',#1154,#1155,#130,.T.);
#886=EDGE_CURVE('',#1156,#1155,#1273,.T.);
#887=EDGE_CURVE('',#1156,#1153,#131,.T.);
#888=EDGE_CURVE('',#1076,#1157,#1274,.T.);
#889=EDGE_CURVE('',#1070,#1157,#1275,.T.);
#890=EDGE_CURVE('',#1073,#1157,#1276,.T.);
#891=EDGE_CURVE('',#979,#1154,#1277,.T.);
#892=EDGE_CURVE('',#978,#1153,#1278,.T.);
#893=EDGE_CURVE('',#980,#1156,#1279,.T.);
#894=EDGE_CURVE('',#981,#1155,#1280,.T.);
#895=EDGE_CURVE('',#983,#1150,#1281,.T.);
#896=EDGE_CURVE('',#982,#1149,#1282,.T.);
#897=EDGE_CURVE('',#984,#1152,#1283,.T.);
#898=EDGE_CURVE('',#985,#1151,#1284,.T.);
#899=EDGE_CURVE('',#987,#1146,#1285,.T.);
#900=EDGE_CURVE('',#986,#1145,#1286,.T.);
#901=EDGE_CURVE('',#988,#1148,#1287,.T.);
#902=EDGE_CURVE('',#989,#1147,#1288,.T.);
#903=EDGE_CURVE('',#991,#1142,#1289,.T.);
#904=EDGE_CURVE('',#990,#1141,#1290,.T.);
#905=EDGE_CURVE('',#992,#1144,#1291,.T.);
#906=EDGE_CURVE('',#993,#1143,#1292,.T.);
#907=EDGE_CURVE('',#995,#1138,#1293,.T.);
#908=EDGE_CURVE('',#994,#1137,#1294,.T.);
#909=EDGE_CURVE('',#996,#1140,#1295,.T.);
#910=EDGE_CURVE('',#997,#1139,#1296,.T.);
#911=EDGE_CURVE('',#999,#1134,#1297,.T.);
#912=EDGE_CURVE('',#998,#1133,#1298,.T.);
#913=EDGE_CURVE('',#1000,#1136,#1299,.T.);
#914=EDGE_CURVE('',#1001,#1135,#1300,.T.);
#915=EDGE_CURVE('',#1003,#1130,#1301,.T.);
#916=EDGE_CURVE('',#1002,#1129,#1302,.T.);
#917=EDGE_CURVE('',#1004,#1132,#1303,.T.);
#918=EDGE_CURVE('',#1005,#1131,#1304,.T.);
#919=EDGE_CURVE('',#1007,#1126,#1305,.T.);
#920=EDGE_CURVE('',#1006,#1125,#1306,.T.);
#921=EDGE_CURVE('',#1008,#1128,#1307,.T.);
#922=EDGE_CURVE('',#1009,#1127,#1308,.T.);
#923=EDGE_CURVE('',#1011,#1122,#1309,.T.);
#924=EDGE_CURVE('',#1010,#1121,#1310,.T.);
#925=EDGE_CURVE('',#1012,#1124,#1311,.T.);
#926=EDGE_CURVE('',#1013,#1123,#1312,.T.);
#927=EDGE_CURVE('',#1015,#1118,#1313,.T.);
#928=EDGE_CURVE('',#1014,#1117,#1314,.T.);
#929=EDGE_CURVE('',#1016,#1120,#1315,.T.);
#930=EDGE_CURVE('',#1017,#1119,#1316,.T.);
#931=EDGE_CURVE('',#1019,#1114,#1317,.T.);
#932=EDGE_CURVE('',#1018,#1113,#1318,.T.);
#933=EDGE_CURVE('',#1020,#1116,#1319,.T.);
#934=EDGE_CURVE('',#1021,#1115,#1320,.T.);
#935=EDGE_CURVE('',#1023,#1110,#1321,.T.);
#936=EDGE_CURVE('',#1022,#1109,#1322,.T.);
#937=EDGE_CURVE('',#1024,#1112,#1323,.T.);
#938=EDGE_CURVE('',#1025,#1111,#1324,.T.);
#939=EDGE_CURVE('',#1027,#1106,#1325,.T.);
#940=EDGE_CURVE('',#1026,#1105,#1326,.T.);
#941=EDGE_CURVE('',#1028,#1108,#1327,.T.);
#942=EDGE_CURVE('',#1029,#1107,#1328,.T.);
#943=EDGE_CURVE('',#1031,#1102,#1329,.T.);
#944=EDGE_CURVE('',#1030,#1101,#1330,.T.);
#945=EDGE_CURVE('',#1032,#1104,#1331,.T.);
#946=EDGE_CURVE('',#1033,#1103,#1332,.T.);
#947=EDGE_CURVE('',#1035,#1098,#1333,.T.);
#948=EDGE_CURVE('',#1034,#1097,#1334,.T.);
#949=EDGE_CURVE('',#1036,#1100,#1335,.T.);
#950=EDGE_CURVE('',#1037,#1099,#1336,.T.);
#951=EDGE_CURVE('',#1039,#1094,#1337,.T.);
#952=EDGE_CURVE('',#1038,#1093,#1338,.T.);
#953=EDGE_CURVE('',#1040,#1096,#1339,.T.);
#954=EDGE_CURVE('',#1041,#1095,#1340,.T.);
#955=EDGE_CURVE('',#1043,#1090,#1341,.T.);
#956=EDGE_CURVE('',#1042,#1089,#1342,.T.);
#957=EDGE_CURVE('',#1044,#1092,#1343,.T.);
#958=EDGE_CURVE('',#1045,#1091,#1344,.T.);
#959=EDGE_CURVE('',#1047,#1086,#1345,.T.);
#960=EDGE_CURVE('',#1046,#1085,#1346,.T.);
#961=EDGE_CURVE('',#1048,#1088,#1347,.T.);
#962=EDGE_CURVE('',#1049,#1087,#1348,.T.);
#963=EDGE_CURVE('',#1051,#1082,#1349,.T.);
#964=EDGE_CURVE('',#1050,#1081,#1350,.T.);
#965=EDGE_CURVE('',#1052,#1084,#1351,.T.);
#966=EDGE_CURVE('',#1053,#1083,#1352,.T.);
#967=EDGE_CURVE('',#1055,#1078,#1353,.T.);
#968=EDGE_CURVE('',#1054,#1077,#1354,.T.);
#969=EDGE_CURVE('',#1056,#1080,#1355,.T.);
#970=EDGE_CURVE('',#1057,#1079,#1356,.T.);
#971=EDGE_CURVE('',#974,#1062,#1357,.T.);
#972=VERTEX_POINT('',#2728);
#973=VERTEX_POINT('',#2729);
#974=VERTEX_POINT('',#2731);
#975=VERTEX_POINT('',#2733);
#976=VERTEX_POINT('',#2737);
#977=VERTEX_POINT('',#2739);
#978=VERTEX_POINT('',#2743);
#979=VERTEX_POINT('',#2744);
#980=VERTEX_POINT('',#2746);
#981=VERTEX_POINT('',#2748);
#982=VERTEX_POINT('',#2751);
#983=VERTEX_POINT('',#2752);
#984=VERTEX_POINT('',#2754);
#985=VERTEX_POINT('',#2756);
#986=VERTEX_POINT('',#2759);
#987=VERTEX_POINT('',#2760);
#988=VERTEX_POINT('',#2762);
#989=VERTEX_POINT('',#2764);
#990=VERTEX_POINT('',#2767);
#991=VERTEX_POINT('',#2768);
#992=VERTEX_POINT('',#2770);
#993=VERTEX_POINT('',#2772);
#994=VERTEX_POINT('',#2775);
#995=VERTEX_POINT('',#2776);
#996=VERTEX_POINT('',#2778);
#997=VERTEX_POINT('',#2780);
#998=VERTEX_POINT('',#2783);
#999=VERTEX_POINT('',#2784);
#1000=VERTEX_POINT('',#2786);
#1001=VERTEX_POINT('',#2788);
#1002=VERTEX_POINT('',#2791);
#1003=VERTEX_POINT('',#2792);
#1004=VERTEX_POINT('',#2794);
#1005=VERTEX_POINT('',#2796);
#1006=VERTEX_POINT('',#2799);
#1007=VERTEX_POINT('',#2800);
#1008=VERTEX_POINT('',#2802);
#1009=VERTEX_POINT('',#2804);
#1010=VERTEX_POINT('',#2807);
#1011=VERTEX_POINT('',#2808);
#1012=VERTEX_POINT('',#2810);
#1013=VERTEX_POINT('',#2812);
#1014=VERTEX_POINT('',#2815);
#1015=VERTEX_POINT('',#2816);
#1016=VERTEX_POINT('',#2818);
#1017=VERTEX_POINT('',#2820);
#1018=VERTEX_POINT('',#2823);
#1019=VERTEX_POINT('',#2824);
#1020=VERTEX_POINT('',#2826);
#1021=VERTEX_POINT('',#2828);
#1022=VERTEX_POINT('',#2831);
#1023=VERTEX_POINT('',#2832);
#1024=VERTEX_POINT('',#2834);
#1025=VERTEX_POINT('',#2836);
#1026=VERTEX_POINT('',#2839);
#1027=VERTEX_POINT('',#2840);
#1028=VERTEX_POINT('',#2842);
#1029=VERTEX_POINT('',#2844);
#1030=VERTEX_POINT('',#2847);
#1031=VERTEX_POINT('',#2848);
#1032=VERTEX_POINT('',#2850);
#1033=VERTEX_POINT('',#2852);
#1034=VERTEX_POINT('',#2855);
#1035=VERTEX_POINT('',#2856);
#1036=VERTEX_POINT('',#2858);
#1037=VERTEX_POINT('',#2860);
#1038=VERTEX_POINT('',#2863);
#1039=VERTEX_POINT('',#2864);
#1040=VERTEX_POINT('',#2866);
#1041=VERTEX_POINT('',#2868);
#1042=VERTEX_POINT('',#2871);
#1043=VERTEX_POINT('',#2872);
#1044=VERTEX_POINT('',#2874);
#1045=VERTEX_POINT('',#2876);
#1046=VERTEX_POINT('',#2879);
#1047=VERTEX_POINT('',#2880);
#1048=VERTEX_POINT('',#2882);
#1049=VERTEX_POINT('',#2884);
#1050=VERTEX_POINT('',#2887);
#1051=VERTEX_POINT('',#2888);
#1052=VERTEX_POINT('',#2890);
#1053=VERTEX_POINT('',#2892);
#1054=VERTEX_POINT('',#2895);
#1055=VERTEX_POINT('',#2896);
#1056=VERTEX_POINT('',#2898);
#1057=VERTEX_POINT('',#2900);
#1058=VERTEX_POINT('',#2903);
#1059=VERTEX_POINT('',#2905);
#1060=VERTEX_POINT('',#2909);
#1061=VERTEX_POINT('',#2910);
#1062=VERTEX_POINT('',#2915);
#1063=VERTEX_POINT('',#2916);
#1064=VERTEX_POINT('',#2921);
#1065=VERTEX_POINT('',#2922);
#1066=VERTEX_POINT('',#2924);
#1067=VERTEX_POINT('',#2926);
#1068=VERTEX_POINT('',#2928);
#1069=VERTEX_POINT('',#2930);
#1070=VERTEX_POINT('',#2932);
#1071=VERTEX_POINT('',#2934);
#1072=VERTEX_POINT('',#2938);
#1073=VERTEX_POINT('',#2939);
#1074=VERTEX_POINT('',#2947);
#1075=VERTEX_POINT('',#2952);
#1076=VERTEX_POINT('',#2956);
#1077=VERTEX_POINT('',#2960);
#1078=VERTEX_POINT('',#2961);
#1079=VERTEX_POINT('',#2963);
#1080=VERTEX_POINT('',#2965);
#1081=VERTEX_POINT('',#2968);
#1082=VERTEX_POINT('',#2969);
#1083=VERTEX_POINT('',#2971);
#1084=VERTEX_POINT('',#2973);
#1085=VERTEX_POINT('',#2976);
#1086=VERTEX_POINT('',#2977);
#1087=VERTEX_POINT('',#2979);
#1088=VERTEX_POINT('',#2981);
#1089=VERTEX_POINT('',#2984);
#1090=VERTEX_POINT('',#2985);
#1091=VERTEX_POINT('',#2987);
#1092=VERTEX_POINT('',#2989);
#1093=VERTEX_POINT('',#2992);
#1094=VERTEX_POINT('',#2993);
#1095=VERTEX_POINT('',#2995);
#1096=VERTEX_POINT('',#2997);
#1097=VERTEX_POINT('',#3000);
#1098=VERTEX_POINT('',#3001);
#1099=VERTEX_POINT('',#3003);
#1100=VERTEX_POINT('',#3005);
#1101=VERTEX_POINT('',#3008);
#1102=VERTEX_POINT('',#3009);
#1103=VERTEX_POINT('',#3011);
#1104=VERTEX_POINT('',#3013);
#1105=VERTEX_POINT('',#3016);
#1106=VERTEX_POINT('',#3017);
#1107=VERTEX_POINT('',#3019);
#1108=VERTEX_POINT('',#3021);
#1109=VERTEX_POINT('',#3024);
#1110=VERTEX_POINT('',#3025);
#1111=VERTEX_POINT('',#3027);
#1112=VERTEX_POINT('',#3029);
#1113=VERTEX_POINT('',#3032);
#1114=VERTEX_POINT('',#3033);
#1115=VERTEX_POINT('',#3035);
#1116=VERTEX_POINT('',#3037);
#1117=VERTEX_POINT('',#3040);
#1118=VERTEX_POINT('',#3041);
#1119=VERTEX_POINT('',#3043);
#1120=VERTEX_POINT('',#3045);
#1121=VERTEX_POINT('',#3048);
#1122=VERTEX_POINT('',#3049);
#1123=VERTEX_POINT('',#3051);
#1124=VERTEX_POINT('',#3053);
#1125=VERTEX_POINT('',#3056);
#1126=VERTEX_POINT('',#3057);
#1127=VERTEX_POINT('',#3059);
#1128=VERTEX_POINT('',#3061);
#1129=VERTEX_POINT('',#3064);
#1130=VERTEX_POINT('',#3065);
#1131=VERTEX_POINT('',#3067);
#1132=VERTEX_POINT('',#3069);
#1133=VERTEX_POINT('',#3072);
#1134=VERTEX_POINT('',#3073);
#1135=VERTEX_POINT('',#3075);
#1136=VERTEX_POINT('',#3077);
#1137=VERTEX_POINT('',#3080);
#1138=VERTEX_POINT('',#3081);
#1139=VERTEX_POINT('',#3083);
#1140=VERTEX_POINT('',#3085);
#1141=VERTEX_POINT('',#3088);
#1142=VERTEX_POINT('',#3089);
#1143=VERTEX_POINT('',#3091);
#1144=VERTEX_POINT('',#3093);
#1145=VERTEX_POINT('',#3096);
#1146=VERTEX_POINT('',#3097);
#1147=VERTEX_POINT('',#3099);
#1148=VERTEX_POINT('',#3101);
#1149=VERTEX_POINT('',#3104);
#1150=VERTEX_POINT('',#3105);
#1151=VERTEX_POINT('',#3107);
#1152=VERTEX_POINT('',#3109);
#1153=VERTEX_POINT('',#3112);
#1154=VERTEX_POINT('',#3113);
#1155=VERTEX_POINT('',#3115);
#1156=VERTEX_POINT('',#3117);
#1157=VERTEX_POINT('',#3120);
#1158=LINE('',#2727,#1358);
#1159=LINE('',#2730,#1359);
#1160=LINE('',#2732,#1360);
#1161=LINE('',#2734,#1361);
#1162=LINE('',#2736,#1362);
#1163=LINE('',#2738,#1363);
#1164=LINE('',#2740,#1364);
#1165=LINE('',#2742,#1365);
#1166=LINE('',#2747,#1366);
#1167=LINE('',#2753,#1367);
#1168=LINE('',#2757,#1368);
#1169=LINE('',#2761,#1369);
#1170=LINE('',#2765,#1370);
#1171=LINE('',#2769,#1371);
#1172=LINE('',#2773,#1372);
#1173=LINE('',#2777,#1373);
#1174=LINE('',#2781,#1374);
#1175=LINE('',#2785,#1375);
#1176=LINE('',#2789,#1376);
#1177=LINE('',#2793,#1377);
#1178=LINE('',#2797,#1378);
#1179=LINE('',#2801,#1379);
#1180=LINE('',#2805,#1380);
#1181=LINE('',#2809,#1381);
#1182=LINE('',#2813,#1382);
#1183=LINE('',#2817,#1383);
#1184=LINE('',#2821,#1384);
#1185=LINE('',#2825,#1385);
#1186=LINE('',#2829,#1386);
#1187=LINE('',#2833,#1387);
#1188=LINE('',#2837,#1388);
#1189=LINE('',#2841,#1389);
#1190=LINE('',#2845,#1390);
#1191=LINE('',#2849,#1391);
#1192=LINE('',#2853,#1392);
#1193=LINE('',#2857,#1393);
#1194=LINE('',#2861,#1394);
#1195=LINE('',#2865,#1395);
#1196=LINE('',#2869,#1396);
#1197=LINE('',#2873,#1397);
#1198=LINE('',#2877,#1398);
#1199=LINE('',#2881,#1399);
#1200=LINE('',#2885,#1400);
#1201=LINE('',#2889,#1401);
#1202=LINE('',#2893,#1402);
#1203=LINE('',#2897,#1403);
#1204=LINE('',#2901,#1404);
#1205=LINE('',#2902,#1405);
#1206=LINE('',#2904,#1406);
#1207=LINE('',#2906,#1407);
#1208=LINE('',#2908,#1408);
#1209=LINE('',#2911,#1409);
#1210=LINE('',#2912,#1410);
#1211=LINE('',#2914,#1411);
#1212=LINE('',#2917,#1412);
#1213=LINE('',#2918,#1413);
#1214=LINE('',#2920,#1414);
#1215=LINE('',#2923,#1415);
#1216=LINE('',#2925,#1416);
#1217=LINE('',#2927,#1417);
#1218=LINE('',#2929,#1418);
#1219=LINE('',#2931,#1419);
#1220=LINE('',#2933,#1420);
#1221=LINE('',#2935,#1421);
#1222=LINE('',#2937,#1422);
#1223=LINE('',#2940,#1423);
#1224=LINE('',#2941,#1424);
#1225=LINE('',#2943,#1425);
#1226=LINE('',#2944,#1426);
#1227=LINE('',#2946,#1427);
#1228=LINE('',#2948,#1428);
#1229=LINE('',#2949,#1429);
#1230=LINE('',#2951,#1430);
#1231=LINE('',#2953,#1431);
#1232=LINE('',#2955,#1432);
#1233=LINE('',#2957,#1433);
#1234=LINE('',#2962,#1434);
#1235=LINE('',#2966,#1435);
#1236=LINE('',#2970,#1436);
#1237=LINE('',#2974,#1437);
#1238=LINE('',#2978,#1438);
#1239=LINE('',#2982,#1439);
#1240=LINE('',#2986,#1440);
#1241=LINE('',#2990,#1441);
#1242=LINE('',#2994,#1442);
#1243=LINE('',#2998,#1443);
#1244=LINE('',#3002,#1444);
#1245=LINE('',#3006,#1445);
#1246=LINE('',#3010,#1446);
#1247=LINE('',#3014,#1447);
#1248=LINE('',#3018,#1448);
#1249=LINE('',#3022,#1449);
#1250=LINE('',#3026,#1450);
#1251=LINE('',#3030,#1451);
#1252=LINE('',#3034,#1452);
#1253=LINE('',#3038,#1453);
#1254=LINE('',#3042,#1454);
#1255=LINE('',#3046,#1455);
#1256=LINE('',#3050,#1456);
#1257=LINE('',#3054,#1457);
#1258=LINE('',#3058,#1458);
#1259=LINE('',#3062,#1459);
#1260=LINE('',#3066,#1460);
#1261=LINE('',#3070,#1461);
#1262=LINE('',#3074,#1462);
#1263=LINE('',#3078,#1463);
#1264=LINE('',#3082,#1464);
#1265=LINE('',#3086,#1465);
#1266=LINE('',#3090,#1466);
#1267=LINE('',#3094,#1467);
#1268=LINE('',#3098,#1468);
#1269=LINE('',#3102,#1469);
#1270=LINE('',#3106,#1470);
#1271=LINE('',#3110,#1471);
#1272=LINE('',#3111,#1472);
#1273=LINE('',#3116,#1473);
#1274=LINE('',#3119,#1474);
#1275=LINE('',#3121,#1475);
#1276=LINE('',#3123,#1476);
#1277=LINE('',#3126,#1477);
#1278=LINE('',#3127,#1478);
#1279=LINE('',#3129,#1479);
#1280=LINE('',#3131,#1480);
#1281=LINE('',#3134,#1481);
#1282=LINE('',#3135,#1482);
#1283=LINE('',#3137,#1483);
#1284=LINE('',#3139,#1484);
#1285=LINE('',#3142,#1485);
#1286=LINE('',#3143,#1486);
#1287=LINE('',#3145,#1487);
#1288=LINE('',#3147,#1488);
#1289=LINE('',#3150,#1489);
#1290=LINE('',#3151,#1490);
#1291=LINE('',#3153,#1491);
#1292=LINE('',#3155,#1492);
#1293=LINE('',#3158,#1493);
#1294=LINE('',#3159,#1494);
#1295=LINE('',#3161,#1495);
#1296=LINE('',#3163,#1496);
#1297=LINE('',#3166,#1497);
#1298=LINE('',#3167,#1498);
#1299=LINE('',#3169,#1499);
#1300=LINE('',#3171,#1500);
#1301=LINE('',#3174,#1501);
#1302=LINE('',#3175,#1502);
#1303=LINE('',#3177,#1503);
#1304=LINE('',#3179,#1504);
#1305=LINE('',#3182,#1505);
#1306=LINE('',#3183,#1506);
#1307=LINE('',#3185,#1507);
#1308=LINE('',#3187,#1508);
#1309=LINE('',#3190,#1509);
#1310=LINE('',#3191,#1510);
#1311=LINE('',#3193,#1511);
#1312=LINE('',#3195,#1512);
#1313=LINE('',#3198,#1513);
#1314=LINE('',#3199,#1514);
#1315=LINE('',#3201,#1515);
#1316=LINE('',#3203,#1516);
#1317=LINE('',#3206,#1517);
#1318=LINE('',#3207,#1518);
#1319=LINE('',#3209,#1519);
#1320=LINE('',#3211,#1520);
#1321=LINE('',#3214,#1521);
#1322=LINE('',#3215,#1522);
#1323=LINE('',#3217,#1523);
#1324=LINE('',#3219,#1524);
#1325=LINE('',#3222,#1525);
#1326=LINE('',#3223,#1526);
#1327=LINE('',#3225,#1527);
#1328=LINE('',#3227,#1528);
#1329=LINE('',#3230,#1529);
#1330=LINE('',#3231,#1530);
#1331=LINE('',#3233,#1531);
#1332=LINE('',#3235,#1532);
#1333=LINE('',#3238,#1533);
#1334=LINE('',#3239,#1534);
#1335=LINE('',#3241,#1535);
#1336=LINE('',#3243,#1536);
#1337=LINE('',#3246,#1537);
#1338=LINE('',#3247,#1538);
#1339=LINE('',#3249,#1539);
#1340=LINE('',#3251,#1540);
#1341=LINE('',#3254,#1541);
#1342=LINE('',#3255,#1542);
#1343=LINE('',#3257,#1543);
#1344=LINE('',#3259,#1544);
#1345=LINE('',#3262,#1545);
#1346=LINE('',#3263,#1546);
#1347=LINE('',#3265,#1547);
#1348=LINE('',#3267,#1548);
#1349=LINE('',#3270,#1549);
#1350=LINE('',#3271,#1550);
#1351=LINE('',#3273,#1551);
#1352=LINE('',#3275,#1552);
#1353=LINE('',#3278,#1553);
#1354=LINE('',#3279,#1554);
#1355=LINE('',#3281,#1555);
#1356=LINE('',#3283,#1556);
#1357=LINE('',#3286,#1557);
#1358=VECTOR('',#2175,1.);
#1359=VECTOR('',#2176,1.);
#1360=VECTOR('',#2177,1.);
#1361=VECTOR('',#2178,1.);
#1362=VECTOR('',#2181,1.);
#1363=VECTOR('',#2182,1.);
#1364=VECTOR('',#2183,1.);
#1365=VECTOR('',#2186,1.);
#1366=VECTOR('',#2189,1.);
#1367=VECTOR('',#2194,1.);
#1368=VECTOR('',#2197,1.);
#1369=VECTOR('',#2200,1.);
#1370=VECTOR('',#2203,1.);
#1371=VECTOR('',#2206,1.);
#1372=VECTOR('',#2209,1.);
#1373=VECTOR('',#2212,1.);
#1374=VECTOR('',#2215,1.);
#1375=VECTOR('',#2218,1.);
#1376=VECTOR('',#2221,1.);
#1377=VECTOR('',#2224,1.);
#1378=VECTOR('',#2227,1.);
#1379=VECTOR('',#2230,1.);
#1380=VECTOR('',#2233,1.);
#1381=VECTOR('',#2236,1.);
#1382=VECTOR('',#2239,1.);
#1383=VECTOR('',#2242,1.);
#1384=VECTOR('',#2245,1.);
#1385=VECTOR('',#2248,1.);
#1386=VECTOR('',#2251,1.);
#1387=VECTOR('',#2254,1.);
#1388=VECTOR('',#2257,1.);
#1389=VECTOR('',#2260,1.);
#1390=VECTOR('',#2263,1.);
#1391=VECTOR('',#2266,1.);
#1392=VECTOR('',#2269,1.);
#1393=VECTOR('',#2272,1.);
#1394=VECTOR('',#2275,1.);
#1395=VECTOR('',#2278,1.);
#1396=VECTOR('',#2281,1.);
#1397=VECTOR('',#2284,1.);
#1398=VECTOR('',#2287,1.);
#1399=VECTOR('',#2290,1.);
#1400=VECTOR('',#2293,1.);
#1401=VECTOR('',#2296,1.);
#1402=VECTOR('',#2299,1.);
#1403=VECTOR('',#2302,1.);
#1404=VECTOR('',#2305,1.);
#1405=VECTOR('',#2306,1.);
#1406=VECTOR('',#2307,1.);
#1407=VECTOR('',#2308,1.);
#1408=VECTOR('',#2311,1.);
#1409=VECTOR('',#2312,1.);
#1410=VECTOR('',#2313,1.);
#1411=VECTOR('',#2316,1.);
#1412=VECTOR('',#2317,1.);
#1413=VECTOR('',#2318,1.);
#1414=VECTOR('',#2321,1.);
#1415=VECTOR('',#2322,1.);
#1416=VECTOR('',#2323,1.);
#1417=VECTOR('',#2324,1.);
#1418=VECTOR('',#2325,1.);
#1419=VECTOR('',#2326,1.);
#1420=VECTOR('',#2327,1.);
#1421=VECTOR('',#2328,1.);
#1422=VECTOR('',#2331,1.);
#1423=VECTOR('',#2332,1.);
#1424=VECTOR('',#2333,1.);
#1425=VECTOR('',#2336,1.);
#1426=VECTOR('',#2337,1.);
#1427=VECTOR('',#2340,1.);
#1428=VECTOR('',#2341,1.);
#1429=VECTOR('',#2342,1.);
#1430=VECTOR('',#2345,1.);
#1431=VECTOR('',#2346,1.);
#1432=VECTOR('',#2349,1.);
#1433=VECTOR('',#2350,1.);
#1434=VECTOR('',#2355,1.);
#1435=VECTOR('',#2358,1.);
#1436=VECTOR('',#2361,1.);
#1437=VECTOR('',#2364,1.);
#1438=VECTOR('',#2367,1.);
#1439=VECTOR('',#2370,1.);
#1440=VECTOR('',#2373,1.);
#1441=VECTOR('',#2376,1.);
#1442=VECTOR('',#2379,1.);
#1443=VECTOR('',#2382,1.);
#1444=VECTOR('',#2385,1.);
#1445=VECTOR('',#2388,1.);
#1446=VECTOR('',#2391,1.);
#1447=VECTOR('',#2394,1.);
#1448=VECTOR('',#2397,1.);
#1449=VECTOR('',#2400,1.);
#1450=VECTOR('',#2403,1.);
#1451=VECTOR('',#2406,1.);
#1452=VECTOR('',#2409,1.);
#1453=VECTOR('',#2412,1.);
#1454=VECTOR('',#2415,1.);
#1455=VECTOR('',#2418,1.);
#1456=VECTOR('',#2421,1.);
#1457=VECTOR('',#2424,1.);
#1458=VECTOR('',#2427,1.);
#1459=VECTOR('',#2430,1.);
#1460=VECTOR('',#2433,1.);
#1461=VECTOR('',#2436,1.);
#1462=VECTOR('',#2439,1.);
#1463=VECTOR('',#2442,1.);
#1464=VECTOR('',#2445,1.);
#1465=VECTOR('',#2448,1.);
#1466=VECTOR('',#2451,1.);
#1467=VECTOR('',#2454,1.);
#1468=VECTOR('',#2457,1.);
#1469=VECTOR('',#2460,1.);
#1470=VECTOR('',#2463,1.);
#1471=VECTOR('',#2466,1.);
#1472=VECTOR('',#2467,1.);
#1473=VECTOR('',#2470,1.);
#1474=VECTOR('',#2473,1.);
#1475=VECTOR('',#2474,1.);
#1476=VECTOR('',#2477,1.);
#1477=VECTOR('',#2482,1.);
#1478=VECTOR('',#2483,1.);
#1479=VECTOR('',#2486,1.);
#1480=VECTOR('',#2489,1.);
#1481=VECTOR('',#2494,1.);
#1482=VECTOR('',#2495,1.);
#1483=VECTOR('',#2498,1.);
#1484=VECTOR('',#2501,1.);
#1485=VECTOR('',#2506,1.);
#1486=VECTOR('',#2507,1.);
#1487=VECTOR('',#2510,1.);
#1488=VECTOR('',#2513,1.);
#1489=VECTOR('',#2518,1.);
#1490=VECTOR('',#2519,1.);
#1491=VECTOR('',#2522,1.);
#1492=VECTOR('',#2525,1.);
#1493=VECTOR('',#2530,1.);
#1494=VECTOR('',#2531,1.);
#1495=VECTOR('',#2534,1.);
#1496=VECTOR('',#2537,1.);
#1497=VECTOR('',#2542,1.);
#1498=VECTOR('',#2543,1.);
#1499=VECTOR('',#2546,1.);
#1500=VECTOR('',#2549,1.);
#1501=VECTOR('',#2554,1.);
#1502=VECTOR('',#2555,1.);
#1503=VECTOR('',#2558,1.);
#1504=VECTOR('',#2561,1.);
#1505=VECTOR('',#2566,1.);
#1506=VECTOR('',#2567,1.);
#1507=VECTOR('',#2570,1.);
#1508=VECTOR('',#2573,1.);
#1509=VECTOR('',#2578,1.);
#1510=VECTOR('',#2579,1.);
#1511=VECTOR('',#2582,1.);
#1512=VECTOR('',#2585,1.);
#1513=VECTOR('',#2590,1.);
#1514=VECTOR('',#2591,1.);
#1515=VECTOR('',#2594,1.);
#1516=VECTOR('',#2597,1.);
#1517=VECTOR('',#2602,1.);
#1518=VECTOR('',#2603,1.);
#1519=VECTOR('',#2606,1.);
#1520=VECTOR('',#2609,1.);
#1521=VECTOR('',#2614,1.);
#1522=VECTOR('',#2615,1.);
#1523=VECTOR('',#2618,1.);
#1524=VECTOR('',#2621,1.);
#1525=VECTOR('',#2626,1.);
#1526=VECTOR('',#2627,1.);
#1527=VECTOR('',#2630,1.);
#1528=VECTOR('',#2633,1.);
#1529=VECTOR('',#2638,1.);
#1530=VECTOR('',#2639,1.);
#1531=VECTOR('',#2642,1.);
#1532=VECTOR('',#2645,1.);
#1533=VECTOR('',#2650,1.);
#1534=VECTOR('',#2651,1.);
#1535=VECTOR('',#2654,1.);
#1536=VECTOR('',#2657,1.);
#1537=VECTOR('',#2662,1.);
#1538=VECTOR('',#2663,1.);
#1539=VECTOR('',#2666,1.);
#1540=VECTOR('',#2669,1.);
#1541=VECTOR('',#2674,1.);
#1542=VECTOR('',#2675,1.);
#1543=VECTOR('',#2678,1.);
#1544=VECTOR('',#2681,1.);
#1545=VECTOR('',#2686,1.);
#1546=VECTOR('',#2687,1.);
#1547=VECTOR('',#2690,1.);
#1548=VECTOR('',#2693,1.);
#1549=VECTOR('',#2698,1.);
#1550=VECTOR('',#2699,1.);
#1551=VECTOR('',#2702,1.);
#1552=VECTOR('',#2705,1.);
#1553=VECTOR('',#2710,1.);
#1554=VECTOR('',#2711,1.);
#1555=VECTOR('',#2714,1.);
#1556=VECTOR('',#2717,1.);
#1557=VECTOR('',#2722,1.);
#1558=EDGE_LOOP('',(#132,#133,#134,#135));
#1559=EDGE_LOOP('',(#136,#137,#138,#139));
#1560=EDGE_LOOP('',(#140,#141,#142,#143));
#1561=EDGE_LOOP('',(#144,#145,#146,#147));
#1562=EDGE_LOOP('',(#148,#149,#150,#151));
#1563=EDGE_LOOP('',(#152,#153,#154,#155));
#1564=EDGE_LOOP('',(#156,#157,#158,#159));
#1565=EDGE_LOOP('',(#160,#161,#162,#163));
#1566=EDGE_LOOP('',(#164,#165,#166,#167));
#1567=EDGE_LOOP('',(#168,#169,#170,#171));
#1568=EDGE_LOOP('',(#172,#173,#174,#175));
#1569=EDGE_LOOP('',(#176,#177,#178,#179));
#1570=EDGE_LOOP('',(#180,#181,#182,#183));
#1571=EDGE_LOOP('',(#184,#185,#186,#187));
#1572=EDGE_LOOP('',(#188,#189,#190,#191));
#1573=EDGE_LOOP('',(#192,#193,#194,#195));
#1574=EDGE_LOOP('',(#196,#197,#198,#199));
#1575=EDGE_LOOP('',(#200,#201,#202,#203));
#1576=EDGE_LOOP('',(#204,#205,#206,#207));
#1577=EDGE_LOOP('',(#208,#209,#210,#211));
#1578=EDGE_LOOP('',(#212,#213,#214,#215));
#1579=EDGE_LOOP('',(#216,#217,#218,#219));
#1580=EDGE_LOOP('',(#220,#221,#222,#223));
#1581=EDGE_LOOP('',(#224,#225,#226,#227));
#1582=EDGE_LOOP('',(#228,#229,#230,#231));
#1583=EDGE_LOOP('',(#232,#233,#234,#235,#236,#237,#238,#239));
#1584=EDGE_LOOP('',(#240,#241,#242,#243));
#1585=EDGE_LOOP('',(#244,#245,#246,#247,#248));
#1586=EDGE_LOOP('',(#249,#250,#251,#252,#253));
#1587=EDGE_LOOP('',(#254,#255,#256,#257));
#1588=EDGE_LOOP('',(#258,#259,#260,#261));
#1589=EDGE_LOOP('',(#262,#263,#264,#265));
#1590=EDGE_LOOP('',(#266,#267,#268,#269));
#1591=EDGE_LOOP('',(#270,#271,#272,#273));
#1592=EDGE_LOOP('',(#274,#275,#276,#277));
#1593=EDGE_LOOP('',(#278,#279,#280,#281));
#1594=EDGE_LOOP('',(#282,#283,#284,#285));
#1595=EDGE_LOOP('',(#286,#287,#288,#289));
#1596=EDGE_LOOP('',(#290,#291,#292,#293));
#1597=EDGE_LOOP('',(#294,#295,#296,#297));
#1598=EDGE_LOOP('',(#298,#299,#300,#301));
#1599=EDGE_LOOP('',(#302,#303,#304,#305));
#1600=EDGE_LOOP('',(#306,#307,#308,#309));
#1601=EDGE_LOOP('',(#310,#311,#312,#313));
#1602=EDGE_LOOP('',(#314,#315,#316,#317));
#1603=EDGE_LOOP('',(#318,#319,#320,#321));
#1604=EDGE_LOOP('',(#322,#323,#324,#325));
#1605=EDGE_LOOP('',(#326,#327,#328,#329));
#1606=EDGE_LOOP('',(#330,#331,#332,#333));
#1607=EDGE_LOOP('',(#334,#335,#336,#337));
#1608=EDGE_LOOP('',(#338,#339,#340,#341));
#1609=EDGE_LOOP('',(#342,#343,#344,#345));
#1610=EDGE_LOOP('',(#346,#347,#348,#349));
#1611=EDGE_LOOP('',(#350,#351,#352,#353,#354,#355,#356,#357,#358,#359,#360,
#361));
#1612=EDGE_LOOP('',(#362,#363,#364,#365));
#1613=EDGE_LOOP('',(#366,#367,#368,#369));
#1614=EDGE_LOOP('',(#370,#371,#372,#373));
#1615=EDGE_LOOP('',(#374,#375,#376,#377));
#1616=EDGE_LOOP('',(#378,#379,#380,#381));
#1617=EDGE_LOOP('',(#382,#383,#384,#385));
#1618=EDGE_LOOP('',(#386,#387,#388,#389));
#1619=EDGE_LOOP('',(#390,#391,#392,#393));
#1620=EDGE_LOOP('',(#394,#395,#396,#397));
#1621=EDGE_LOOP('',(#398,#399,#400,#401));
#1622=EDGE_LOOP('',(#402,#403,#404,#405));
#1623=EDGE_LOOP('',(#406,#407,#408,#409));
#1624=EDGE_LOOP('',(#410,#411,#412,#413));
#1625=EDGE_LOOP('',(#414,#415,#416,#417));
#1626=EDGE_LOOP('',(#418,#419,#420,#421));
#1627=EDGE_LOOP('',(#422,#423,#424,#425));
#1628=EDGE_LOOP('',(#426,#427,#428,#429));
#1629=EDGE_LOOP('',(#430,#431,#432,#433));
#1630=EDGE_LOOP('',(#434,#435,#436,#437));
#1631=EDGE_LOOP('',(#438,#439,#440,#441));
#1632=EDGE_LOOP('',(#442,#443,#444,#445));
#1633=EDGE_LOOP('',(#446,#447,#448,#449));
#1634=EDGE_LOOP('',(#450,#451,#452,#453));
#1635=EDGE_LOOP('',(#454,#455,#456,#457));
#1636=EDGE_LOOP('',(#458,#459,#460,#461));
#1637=EDGE_LOOP('',(#462,#463,#464,#465));
#1638=EDGE_LOOP('',(#466,#467,#468,#469));
#1639=EDGE_LOOP('',(#470,#471,#472,#473));
#1640=EDGE_LOOP('',(#474,#475,#476,#477));
#1641=EDGE_LOOP('',(#478,#479,#480,#481));
#1642=EDGE_LOOP('',(#482,#483,#484,#485));
#1643=EDGE_LOOP('',(#486,#487,#488,#489));
#1644=EDGE_LOOP('',(#490,#491,#492,#493));
#1645=EDGE_LOOP('',(#494,#495,#496,#497));
#1646=EDGE_LOOP('',(#498,#499,#500,#501));
#1647=EDGE_LOOP('',(#502,#503,#504,#505));
#1648=EDGE_LOOP('',(#506,#507,#508,#509));
#1649=EDGE_LOOP('',(#510,#511,#512,#513));
#1650=EDGE_LOOP('',(#514,#515,#516,#517));
#1651=EDGE_LOOP('',(#518,#519,#520,#521));
#1652=EDGE_LOOP('',(#522,#523,#524,#525));
#1653=EDGE_LOOP('',(#526,#527,#528,#529));
#1654=EDGE_LOOP('',(#530,#531,#532,#533));
#1655=EDGE_LOOP('',(#534,#535,#536,#537));
#1656=EDGE_LOOP('',(#538,#539,#540,#541));
#1657=EDGE_LOOP('',(#542,#543,#544,#545));
#1658=EDGE_LOOP('',(#546,#547,#548,#549));
#1659=EDGE_LOOP('',(#550,#551,#552,#553));
#1660=EDGE_LOOP('',(#554,#555,#556,#557));
#1661=EDGE_LOOP('',(#558,#559,#560,#561));
#1662=EDGE_LOOP('',(#562,#563,#564,#565));
#1663=EDGE_LOOP('',(#566,#567,#568,#569));
#1664=EDGE_LOOP('',(#570,#571,#572,#573));
#1665=EDGE_LOOP('',(#574,#575,#576,#577));
#1666=EDGE_LOOP('',(#578,#579,#580,#581));
#1667=EDGE_LOOP('',(#582,#583,#584,#585));
#1668=EDGE_LOOP('',(#586,#587,#588,#589));
#1669=EDGE_LOOP('',(#590,#591,#592,#593));
#1670=EDGE_LOOP('',(#594,#595,#596,#597));
#1671=EDGE_LOOP('',(#598,#599,#600,#601));
#1672=EDGE_LOOP('',(#602,#603,#604,#605));
#1673=EDGE_LOOP('',(#606,#607,#608,#609));
#1674=EDGE_LOOP('',(#610,#611,#612,#613));
#1675=EDGE_LOOP('',(#614,#615,#616,#617));
#1676=EDGE_LOOP('',(#618,#619,#620,#621));
#1677=EDGE_LOOP('',(#622,#623,#624,#625));
#1678=EDGE_LOOP('',(#626,#627,#628,#629));
#1679=EDGE_LOOP('',(#630,#631,#632,#633));
#1680=EDGE_LOOP('',(#634,#635,#636,#637));
#1681=EDGE_LOOP('',(#638,#639,#640,#641));
#1682=EDGE_LOOP('',(#642,#643,#644,#645));
#1683=EDGE_LOOP('',(#646,#647,#648,#649));
#1684=EDGE_LOOP('',(#650,#651,#652,#653));
#1685=EDGE_LOOP('',(#654,#655,#656,#657));
#1686=EDGE_LOOP('',(#658,#659,#660,#661));
#1687=EDGE_LOOP('',(#662,#663,#664,#665));
#1688=EDGE_LOOP('',(#666,#667,#668,#669));
#1689=EDGE_LOOP('',(#670,#671,#672,#673));
#1690=EDGE_LOOP('',(#674,#675,#676,#677));
#1691=EDGE_LOOP('',(#678,#679,#680,#681));
#1692=EDGE_LOOP('',(#682,#683,#684,#685));
#1693=EDGE_LOOP('',(#686,#687,#688,#689,#690,#691));
#1694=FACE_BOUND('',#1558,.T.);
#1695=FACE_BOUND('',#1559,.T.);
#1696=FACE_BOUND('',#1560,.T.);
#1697=FACE_BOUND('',#1561,.T.);
#1698=FACE_BOUND('',#1562,.T.);
#1699=FACE_BOUND('',#1563,.T.);
#1700=FACE_BOUND('',#1564,.T.);
#1701=FACE_BOUND('',#1565,.T.);
#1702=FACE_BOUND('',#1566,.T.);
#1703=FACE_BOUND('',#1567,.T.);
#1704=FACE_BOUND('',#1568,.T.);
#1705=FACE_BOUND('',#1569,.T.);
#1706=FACE_BOUND('',#1570,.T.);
#1707=FACE_BOUND('',#1571,.T.);
#1708=FACE_BOUND('',#1572,.T.);
#1709=FACE_BOUND('',#1573,.T.);
#1710=FACE_BOUND('',#1574,.T.);
#1711=FACE_BOUND('',#1575,.T.);
#1712=FACE_BOUND('',#1576,.T.);
#1713=FACE_BOUND('',#1577,.T.);
#1714=FACE_BOUND('',#1578,.T.);
#1715=FACE_BOUND('',#1579,.T.);
#1716=FACE_BOUND('',#1580,.T.);
#1717=FACE_BOUND('',#1581,.T.);
#1718=FACE_BOUND('',#1582,.T.);
#1719=FACE_BOUND('',#1583,.T.);
#1720=FACE_BOUND('',#1584,.T.);
#1721=FACE_BOUND('',#1585,.T.);
#1722=FACE_BOUND('',#1586,.T.);
#1723=FACE_BOUND('',#1587,.T.);
#1724=FACE_BOUND('',#1588,.T.);
#1725=FACE_BOUND('',#1589,.T.);
#1726=FACE_BOUND('',#1590,.T.);
#1727=FACE_BOUND('',#1591,.T.);
#1728=FACE_BOUND('',#1592,.T.);
#1729=FACE_BOUND('',#1593,.T.);
#1730=FACE_BOUND('',#1594,.T.);
#1731=FACE_BOUND('',#1595,.T.);
#1732=FACE_BOUND('',#1596,.T.);
#1733=FACE_BOUND('',#1597,.T.);
#1734=FACE_BOUND('',#1598,.T.);
#1735=FACE_BOUND('',#1599,.T.);
#1736=FACE_BOUND('',#1600,.T.);
#1737=FACE_BOUND('',#1601,.T.);
#1738=FACE_BOUND('',#1602,.T.);
#1739=FACE_BOUND('',#1603,.T.);
#1740=FACE_BOUND('',#1604,.T.);
#1741=FACE_BOUND('',#1605,.T.);
#1742=FACE_BOUND('',#1606,.T.);
#1743=FACE_BOUND('',#1607,.T.);
#1744=FACE_BOUND('',#1608,.T.);
#1745=FACE_BOUND('',#1609,.T.);
#1746=FACE_BOUND('',#1610,.T.);
#1747=FACE_BOUND('',#1611,.T.);
#1748=FACE_BOUND('',#1612,.T.);
#1749=FACE_BOUND('',#1613,.T.);
#1750=FACE_BOUND('',#1614,.T.);
#1751=FACE_BOUND('',#1615,.T.);
#1752=FACE_BOUND('',#1616,.T.);
#1753=FACE_BOUND('',#1617,.T.);
#1754=FACE_BOUND('',#1618,.T.);
#1755=FACE_BOUND('',#1619,.T.);
#1756=FACE_BOUND('',#1620,.T.);
#1757=FACE_BOUND('',#1621,.T.);
#1758=FACE_BOUND('',#1622,.T.);
#1759=FACE_BOUND('',#1623,.T.);
#1760=FACE_BOUND('',#1624,.T.);
#1761=FACE_BOUND('',#1625,.T.);
#1762=FACE_BOUND('',#1626,.T.);
#1763=FACE_BOUND('',#1627,.T.);
#1764=FACE_BOUND('',#1628,.T.);
#1765=FACE_BOUND('',#1629,.T.);
#1766=FACE_BOUND('',#1630,.T.);
#1767=FACE_BOUND('',#1631,.T.);
#1768=FACE_BOUND('',#1632,.T.);
#1769=FACE_BOUND('',#1633,.T.);
#1770=FACE_BOUND('',#1634,.T.);
#1771=FACE_BOUND('',#1635,.T.);
#1772=FACE_BOUND('',#1636,.T.);
#1773=FACE_BOUND('',#1637,.T.);
#1774=FACE_BOUND('',#1638,.T.);
#1775=FACE_BOUND('',#1639,.T.);
#1776=FACE_BOUND('',#1640,.T.);
#1777=FACE_BOUND('',#1641,.T.);
#1778=FACE_BOUND('',#1642,.T.);
#1779=FACE_BOUND('',#1643,.T.);
#1780=FACE_BOUND('',#1644,.T.);
#1781=FACE_BOUND('',#1645,.T.);
#1782=FACE_BOUND('',#1646,.T.);
#1783=FACE_BOUND('',#1647,.T.);
#1784=FACE_BOUND('',#1648,.T.);
#1785=FACE_BOUND('',#1649,.T.);
#1786=FACE_BOUND('',#1650,.T.);
#1787=FACE_BOUND('',#1651,.T.);
#1788=FACE_BOUND('',#1652,.T.);
#1789=FACE_BOUND('',#1653,.T.);
#1790=FACE_BOUND('',#1654,.T.);
#1791=FACE_BOUND('',#1655,.T.);
#1792=FACE_BOUND('',#1656,.T.);
#1793=FACE_BOUND('',#1657,.T.);
#1794=FACE_BOUND('',#1658,.T.);
#1795=FACE_BOUND('',#1659,.T.);
#1796=FACE_BOUND('',#1660,.T.);
#1797=FACE_BOUND('',#1661,.T.);
#1798=FACE_BOUND('',#1662,.T.);
#1799=FACE_BOUND('',#1663,.T.);
#1800=FACE_BOUND('',#1664,.T.);
#1801=FACE_BOUND('',#1665,.T.);
#1802=FACE_BOUND('',#1666,.T.);
#1803=FACE_BOUND('',#1667,.T.);
#1804=FACE_BOUND('',#1668,.T.);
#1805=FACE_BOUND('',#1669,.T.);
#1806=FACE_BOUND('',#1670,.T.);
#1807=FACE_BOUND('',#1671,.T.);
#1808=FACE_BOUND('',#1672,.T.);
#1809=FACE_BOUND('',#1673,.T.);
#1810=FACE_BOUND('',#1674,.T.);
#1811=FACE_BOUND('',#1675,.T.);
#1812=FACE_BOUND('',#1676,.T.);
#1813=FACE_BOUND('',#1677,.T.);
#1814=FACE_BOUND('',#1678,.T.);
#1815=FACE_BOUND('',#1679,.T.);
#1816=FACE_BOUND('',#1680,.T.);
#1817=FACE_BOUND('',#1681,.T.);
#1818=FACE_BOUND('',#1682,.T.);
#1819=FACE_BOUND('',#1683,.T.);
#1820=FACE_BOUND('',#1684,.T.);
#1821=FACE_BOUND('',#1685,.T.);
#1822=FACE_BOUND('',#1686,.T.);
#1823=FACE_BOUND('',#1687,.T.);
#1824=FACE_BOUND('',#1688,.T.);
#1825=FACE_BOUND('',#1689,.T.);
#1826=FACE_BOUND('',#1690,.T.);
#1827=FACE_BOUND('',#1691,.T.);
#1828=FACE_BOUND('',#1692,.T.);
#1829=FACE_BOUND('',#1693,.T.);
#1830=PLANE('',#1995);
#1831=PLANE('',#1996);
#1832=PLANE('',#1997);
#1833=PLANE('',#2038);
#1834=PLANE('',#2039);
#1835=PLANE('',#2040);
#1836=PLANE('',#2041);
#1837=PLANE('',#2042);
#1838=PLANE('',#2043);
#1839=PLANE('',#2044);
#1840=PLANE('',#2045);
#1841=PLANE('',#2046);
#1842=PLANE('',#2087);
#1843=PLANE('',#2088);
#1844=PLANE('',#2089);
#1845=PLANE('',#2091);
#1846=PLANE('',#2094);
#1847=PLANE('',#2096);
#1848=PLANE('',#2098);
#1849=PLANE('',#2100);
#1850=PLANE('',#2102);
#1851=PLANE('',#2104);
#1852=PLANE('',#2106);
#1853=PLANE('',#2108);
#1854=PLANE('',#2110);
#1855=PLANE('',#2112);
#1856=PLANE('',#2114);
#1857=PLANE('',#2116);
#1858=PLANE('',#2118);
#1859=PLANE('',#2120);
#1860=PLANE('',#2122);
#1861=PLANE('',#2124);
#1862=PLANE('',#2126);
#1863=PLANE('',#2128);
#1864=PLANE('',#2130);
#1865=PLANE('',#2132);
#1866=PLANE('',#2134);
#1867=PLANE('',#2136);
#1868=PLANE('',#2138);
#1869=PLANE('',#2140);
#1870=PLANE('',#2142);
#1871=PLANE('',#2144);
#1872=PLANE('',#2146);
#1873=PLANE('',#2148);
#1874=PLANE('',#2150);
#1875=PLANE('',#2152);
#1876=PLANE('',#2154);
#1877=PLANE('',#2156);
#1878=PLANE('',#2158);
#1879=PLANE('',#2160);
#1880=PLANE('',#2162);
#1881=PLANE('',#2164);
#1882=PLANE('',#2166);
#1883=PLANE('',#2168);
#1884=PLANE('',#2169);
#1885=PLANE('',#2170);
#1886=ADVANCED_FACE('',(#1694),#1830,.T.);
#1887=ADVANCED_FACE('',(#1695),#1831,.F.);
#1888=ADVANCED_FACE('',(#1696,#1697,#1698,#1699,#1700,#1701,#1702,#1703,
#1704,#1705,#1706,#1707,#1708,#1709,#1710,#1711,#1712,#1713,#1714,#1715,
#1716),#1832,.F.);
#1889=ADVANCED_FACE('',(#1717),#1833,.T.);
#1890=ADVANCED_FACE('',(#1718),#1834,.T.);
#1891=ADVANCED_FACE('',(#1719),#1835,.T.);
#1892=ADVANCED_FACE('',(#1720),#1836,.T.);
#1893=ADVANCED_FACE('',(#1721),#1837,.F.);
#1894=ADVANCED_FACE('',(#1722),#1838,.T.);
#1895=ADVANCED_FACE('',(#1723),#1839,.T.);
#1896=ADVANCED_FACE('',(#1724),#1840,.F.);
#1897=ADVANCED_FACE('',(#1725,#1726,#1727,#1728,#1729,#1730,#1731,#1732,
#1733,#1734,#1735,#1736,#1737,#1738,#1739,#1740,#1741,#1742,#1743,#1744,
#1745),#1841,.F.);
#1898=ADVANCED_FACE('',(#1746),#1842,.T.);
#1899=ADVANCED_FACE('',(#1747),#1843,.F.);
#1900=ADVANCED_FACE('',(#1748),#1844,.T.);
#1901=ADVANCED_FACE('',(#1749),#12,.F.);
#1902=ADVANCED_FACE('',(#1750),#1845,.F.);
#1903=ADVANCED_FACE('',(#1751),#13,.F.);
#1904=ADVANCED_FACE('',(#1752),#14,.F.);
#1905=ADVANCED_FACE('',(#1753),#1846,.T.);
#1906=ADVANCED_FACE('',(#1754),#15,.F.);
#1907=ADVANCED_FACE('',(#1755),#1847,.F.);
#1908=ADVANCED_FACE('',(#1756),#16,.F.);
#1909=ADVANCED_FACE('',(#1757),#1848,.T.);
#1910=ADVANCED_FACE('',(#1758),#17,.F.);
#1911=ADVANCED_FACE('',(#1759),#1849,.F.);
#1912=ADVANCED_FACE('',(#1760),#18,.F.);
#1913=ADVANCED_FACE('',(#1761),#1850,.T.);
#1914=ADVANCED_FACE('',(#1762),#19,.F.);
#1915=ADVANCED_FACE('',(#1763),#1851,.F.);
#1916=ADVANCED_FACE('',(#1764),#20,.F.);
#1917=ADVANCED_FACE('',(#1765),#1852,.T.);
#1918=ADVANCED_FACE('',(#1766),#21,.F.);
#1919=ADVANCED_FACE('',(#1767),#1853,.F.);
#1920=ADVANCED_FACE('',(#1768),#22,.F.);
#1921=ADVANCED_FACE('',(#1769),#1854,.T.);
#1922=ADVANCED_FACE('',(#1770),#23,.F.);
#1923=ADVANCED_FACE('',(#1771),#1855,.F.);
#1924=ADVANCED_FACE('',(#1772),#24,.F.);
#1925=ADVANCED_FACE('',(#1773),#1856,.T.);
#1926=ADVANCED_FACE('',(#1774),#25,.F.);
#1927=ADVANCED_FACE('',(#1775),#1857,.F.);
#1928=ADVANCED_FACE('',(#1776),#26,.F.);
#1929=ADVANCED_FACE('',(#1777),#1858,.T.);
#1930=ADVANCED_FACE('',(#1778),#27,.F.);
#1931=ADVANCED_FACE('',(#1779),#1859,.F.);
#1932=ADVANCED_FACE('',(#1780),#28,.F.);
#1933=ADVANCED_FACE('',(#1781),#1860,.T.);
#1934=ADVANCED_FACE('',(#1782),#29,.F.);
#1935=ADVANCED_FACE('',(#1783),#1861,.F.);
#1936=ADVANCED_FACE('',(#1784),#30,.F.);
#1937=ADVANCED_FACE('',(#1785),#1862,.T.);
#1938=ADVANCED_FACE('',(#1786),#31,.F.);
#1939=ADVANCED_FACE('',(#1787),#1863,.F.);
#1940=ADVANCED_FACE('',(#1788),#32,.F.);
#1941=ADVANCED_FACE('',(#1789),#1864,.T.);
#1942=ADVANCED_FACE('',(#1790),#33,.F.);
#1943=ADVANCED_FACE('',(#1791),#1865,.F.);
#1944=ADVANCED_FACE('',(#1792),#34,.F.);
#1945=ADVANCED_FACE('',(#1793),#1866,.T.);
#1946=ADVANCED_FACE('',(#1794),#35,.F.);
#1947=ADVANCED_FACE('',(#1795),#1867,.F.);
#1948=ADVANCED_FACE('',(#1796),#36,.F.);
#1949=ADVANCED_FACE('',(#1797),#1868,.T.);
#1950=ADVANCED_FACE('',(#1798),#37,.F.);
#1951=ADVANCED_FACE('',(#1799),#1869,.F.);
#1952=ADVANCED_FACE('',(#1800),#38,.F.);
#1953=ADVANCED_FACE('',(#1801),#1870,.T.);
#1954=ADVANCED_FACE('',(#1802),#39,.F.);
#1955=ADVANCED_FACE('',(#1803),#1871,.F.);
#1956=ADVANCED_FACE('',(#1804),#40,.F.);
#1957=ADVANCED_FACE('',(#1805),#1872,.T.);
#1958=ADVANCED_FACE('',(#1806),#41,.F.);
#1959=ADVANCED_FACE('',(#1807),#1873,.F.);
#1960=ADVANCED_FACE('',(#1808),#42,.F.);
#1961=ADVANCED_FACE('',(#1809),#1874,.T.);
#1962=ADVANCED_FACE('',(#1810),#43,.F.);
#1963=ADVANCED_FACE('',(#1811),#1875,.F.);
#1964=ADVANCED_FACE('',(#1812),#44,.F.);
#1965=ADVANCED_FACE('',(#1813),#1876,.T.);
#1966=ADVANCED_FACE('',(#1814),#45,.F.);
#1967=ADVANCED_FACE('',(#1815),#1877,.F.);
#1968=ADVANCED_FACE('',(#1816),#46,.F.);
#1969=ADVANCED_FACE('',(#1817),#1878,.T.);
#1970=ADVANCED_FACE('',(#1818),#47,.F.);
#1971=ADVANCED_FACE('',(#1819),#1879,.F.);
#1972=ADVANCED_FACE('',(#1820),#48,.F.);
#1973=ADVANCED_FACE('',(#1821),#1880,.T.);
#1974=ADVANCED_FACE('',(#1822),#49,.F.);
#1975=ADVANCED_FACE('',(#1823),#1881,.F.);
#1976=ADVANCED_FACE('',(#1824),#50,.F.);
#1977=ADVANCED_FACE('',(#1825),#1882,.T.);
#1978=ADVANCED_FACE('',(#1826),#51,.F.);
#1979=ADVANCED_FACE('',(#1827),#1883,.F.);
#1980=ADVANCED_FACE('',(#1828),#1884,.T.);
#1981=ADVANCED_FACE('',(#1829),#1885,.F.);
#1982=CLOSED_SHELL('',(#1886,#1887,#1888,#1889,#1890,#1891,#1892,#1893,
#1894,#1895,#1896,#1897,#1898,#1899,#1900,#1901,#1902,#1903,#1904,#1905,
#1906,#1907,#1908,#1909,#1910,#1911,#1912,#1913,#1914,#1915,#1916,#1917,
#1918,#1919,#1920,#1921,#1922,#1923,#1924,#1925,#1926,#1927,#1928,#1929,
#1930,#1931,#1932,#1933,#1934,#1935,#1936,#1937,#1938,#1939,#1940,#1941,
#1942,#1943,#1944,#1945,#1946,#1947,#1948,#1949,#1950,#1951,#1952,#1953,
#1954,#1955,#1956,#1957,#1958,#1959,#1960,#1961,#1962,#1963,#1964,#1965,
#1966,#1967,#1968,#1969,#1970,#1971,#1972,#1973,#1974,#1975,#1976,#1977,
#1978,#1979,#1980,#1981));
#1983=STYLED_ITEM('',(#1984),#1991);
#1984=PRESENTATION_STYLE_ASSIGNMENT((#1985));
#1985=SURFACE_STYLE_USAGE(.BOTH.,#1986);
#1986=SURFACE_SIDE_STYLE('',(#1987));
#1987=SURFACE_STYLE_FILL_AREA(#1988);
#1988=FILL_AREA_STYLE('',(#1989));
#1989=FILL_AREA_STYLE_COLOUR('',#1990);
#1990=COLOUR_RGB('',0.376470588235294,0.654901960784314,0.792156862745098);
#1991=MANIFOLD_SOLID_BREP('Part 1',#1982);
#1992=SHAPE_DEFINITION_REPRESENTATION(#3294,#1993);
#1993=SHAPE_REPRESENTATION('Part 1',(#1994),#3289);
#1994=AXIS2_PLACEMENT_3D('',#2725,#2171,#2172);
#1995=AXIS2_PLACEMENT_3D('',#2726,#2173,#2174);
#1996=AXIS2_PLACEMENT_3D('',#2735,#2179,#2180);
#1997=AXIS2_PLACEMENT_3D('',#2741,#2184,#2185);
#1998=AXIS2_PLACEMENT_3D('',#2745,#2187,#2188);
#1999=AXIS2_PLACEMENT_3D('',#2749,#2190,#2191);
#2000=AXIS2_PLACEMENT_3D('',#2750,#2192,#2193);
#2001=AXIS2_PLACEMENT_3D('',#2755,#2195,#2196);
#2002=AXIS2_PLACEMENT_3D('',#2758,#2198,#2199);
#2003=AXIS2_PLACEMENT_3D('',#2763,#2201,#2202);
#2004=AXIS2_PLACEMENT_3D('',#2766,#2204,#2205);
#2005=AXIS2_PLACEMENT_3D('',#2771,#2207,#2208);
#2006=AXIS2_PLACEMENT_3D('',#2774,#2210,#2211);
#2007=AXIS2_PLACEMENT_3D('',#2779,#2213,#2214);
#2008=AXIS2_PLACEMENT_3D('',#2782,#2216,#2217);
#2009=AXIS2_PLACEMENT_3D('',#2787,#2219,#2220);
#2010=AXIS2_PLACEMENT_3D('',#2790,#2222,#2223);
#2011=AXIS2_PLACEMENT_3D('',#2795,#2225,#2226);
#2012=AXIS2_PLACEMENT_3D('',#2798,#2228,#2229);
#2013=AXIS2_PLACEMENT_3D('',#2803,#2231,#2232);
#2014=AXIS2_PLACEMENT_3D('',#2806,#2234,#2235);
#2015=AXIS2_PLACEMENT_3D('',#2811,#2237,#2238);
#2016=AXIS2_PLACEMENT_3D('',#2814,#2240,#2241);
#2017=AXIS2_PLACEMENT_3D('',#2819,#2243,#2244);
#2018=AXIS2_PLACEMENT_3D('',#2822,#2246,#2247);
#2019=AXIS2_PLACEMENT_3D('',#2827,#2249,#2250);
#2020=AXIS2_PLACEMENT_3D('',#2830,#2252,#2253);
#2021=AXIS2_PLACEMENT_3D('',#2835,#2255,#2256);
#2022=AXIS2_PLACEMENT_3D('',#2838,#2258,#2259);
#2023=AXIS2_PLACEMENT_3D('',#2843,#2261,#2262);
#2024=AXIS2_PLACEMENT_3D('',#2846,#2264,#2265);
#2025=AXIS2_PLACEMENT_3D('',#2851,#2267,#2268);
#2026=AXIS2_PLACEMENT_3D('',#2854,#2270,#2271);
#2027=AXIS2_PLACEMENT_3D('',#2859,#2273,#2274);
#2028=AXIS2_PLACEMENT_3D('',#2862,#2276,#2277);
#2029=AXIS2_PLACEMENT_3D('',#2867,#2279,#2280);
#2030=AXIS2_PLACEMENT_3D('',#2870,#2282,#2283);
#2031=AXIS2_PLACEMENT_3D('',#2875,#2285,#2286);
#2032=AXIS2_PLACEMENT_3D('',#2878,#2288,#2289);
#2033=AXIS2_PLACEMENT_3D('',#2883,#2291,#2292);
#2034=AXIS2_PLACEMENT_3D('',#2886,#2294,#2295);
#2035=AXIS2_PLACEMENT_3D('',#2891,#2297,#2298);
#2036=AXIS2_PLACEMENT_3D('',#2894,#2300,#2301);
#2037=AXIS2_PLACEMENT_3D('',#2899,#2303,#2304);
#2038=AXIS2_PLACEMENT_3D('',#2907,#2309,#2310);
#2039=AXIS2_PLACEMENT_3D('',#2913,#2314,#2315);
#2040=AXIS2_PLACEMENT_3D('',#2919,#2319,#2320);
#2041=AXIS2_PLACEMENT_3D('',#2936,#2329,#2330);
#2042=AXIS2_PLACEMENT_3D('',#2942,#2334,#2335);
#2043=AXIS2_PLACEMENT_3D('',#2945,#2338,#2339);
#2044=AXIS2_PLACEMENT_3D('',#2950,#2343,#2344);
#2045=AXIS2_PLACEMENT_3D('',#2954,#2347,#2348);
#2046=AXIS2_PLACEMENT_3D('',#2958,#2351,#2352);
#2047=AXIS2_PLACEMENT_3D('',#2959,#2353,#2354);
#2048=AXIS2_PLACEMENT_3D('',#2964,#2356,#2357);
#2049=AXIS2_PLACEMENT_3D('',#2967,#2359,#2360);
#2050=AXIS2_PLACEMENT_3D('',#2972,#2362,#2363);
#2051=AXIS2_PLACEMENT_3D('',#2975,#2365,#2366);
#2052=AXIS2_PLACEMENT_3D('',#2980,#2368,#2369);
#2053=AXIS2_PLACEMENT_3D('',#2983,#2371,#2372);
#2054=AXIS2_PLACEMENT_3D('',#2988,#2374,#2375);
#2055=AXIS2_PLACEMENT_3D('',#2991,#2377,#2378);
#2056=AXIS2_PLACEMENT_3D('',#2996,#2380,#2381);
#2057=AXIS2_PLACEMENT_3D('',#2999,#2383,#2384);
#2058=AXIS2_PLACEMENT_3D('',#3004,#2386,#2387);
#2059=AXIS2_PLACEMENT_3D('',#3007,#2389,#2390);
#2060=AXIS2_PLACEMENT_3D('',#3012,#2392,#2393);
#2061=AXIS2_PLACEMENT_3D('',#3015,#2395,#2396);
#2062=AXIS2_PLACEMENT_3D('',#3020,#2398,#2399);
#2063=AXIS2_PLACEMENT_3D('',#3023,#2401,#2402);
#2064=AXIS2_PLACEMENT_3D('',#3028,#2404,#2405);
#2065=AXIS2_PLACEMENT_3D('',#3031,#2407,#2408);
#2066=AXIS2_PLACEMENT_3D('',#3036,#2410,#2411);
#2067=AXIS2_PLACEMENT_3D('',#3039,#2413,#2414);
#2068=AXIS2_PLACEMENT_3D('',#3044,#2416,#2417);
#2069=AXIS2_PLACEMENT_3D('',#3047,#2419,#2420);
#2070=AXIS2_PLACEMENT_3D('',#3052,#2422,#2423);
#2071=AXIS2_PLACEMENT_3D('',#3055,#2425,#2426);
#2072=AXIS2_PLACEMENT_3D('',#3060,#2428,#2429);
#2073=AXIS2_PLACEMENT_3D('',#3063,#2431,#2432);
#2074=AXIS2_PLACEMENT_3D('',#3068,#2434,#2435);
#2075=AXIS2_PLACEMENT_3D('',#3071,#2437,#2438);
#2076=AXIS2_PLACEMENT_3D('',#3076,#2440,#2441);
#2077=AXIS2_PLACEMENT_3D('',#3079,#2443,#2444);
#2078=AXIS2_PLACEMENT_3D('',#3084,#2446,#2447);
#2079=AXIS2_PLACEMENT_3D('',#3087,#2449,#2450);
#2080=AXIS2_PLACEMENT_3D('',#3092,#2452,#2453);
#2081=AXIS2_PLACEMENT_3D('',#3095,#2455,#2456);
#2082=AXIS2_PLACEMENT_3D('',#3100,#2458,#2459);
#2083=AXIS2_PLACEMENT_3D('',#3103,#2461,#2462);
#2084=AXIS2_PLACEMENT_3D('',#3108,#2464,#2465);
#2085=AXIS2_PLACEMENT_3D('',#3114,#2468,#2469);
#2086=AXIS2_PLACEMENT_3D('',#3118,#2471,#2472);
#2087=AXIS2_PLACEMENT_3D('',#3122,#2475,#2476);
#2088=AXIS2_PLACEMENT_3D('',#3124,#2478,#2479);
#2089=AXIS2_PLACEMENT_3D('',#3125,#2480,#2481);
#2090=AXIS2_PLACEMENT_3D('',#3128,#2484,#2485);
#2091=AXIS2_PLACEMENT_3D('',#3130,#2487,#2488);
#2092=AXIS2_PLACEMENT_3D('',#3132,#2490,#2491);
#2093=AXIS2_PLACEMENT_3D('',#3133,#2492,#2493);
#2094=AXIS2_PLACEMENT_3D('',#3136,#2496,#2497);
#2095=AXIS2_PLACEMENT_3D('',#3138,#2499,#2500);
#2096=AXIS2_PLACEMENT_3D('',#3140,#2502,#2503);
#2097=AXIS2_PLACEMENT_3D('',#3141,#2504,#2505);
#2098=AXIS2_PLACEMENT_3D('',#3144,#2508,#2509);
#2099=AXIS2_PLACEMENT_3D('',#3146,#2511,#2512);
#2100=AXIS2_PLACEMENT_3D('',#3148,#2514,#2515);
#2101=AXIS2_PLACEMENT_3D('',#3149,#2516,#2517);
#2102=AXIS2_PLACEMENT_3D('',#3152,#2520,#2521);
#2103=AXIS2_PLACEMENT_3D('',#3154,#2523,#2524);
#2104=AXIS2_PLACEMENT_3D('',#3156,#2526,#2527);
#2105=AXIS2_PLACEMENT_3D('',#3157,#2528,#2529);
#2106=AXIS2_PLACEMENT_3D('',#3160,#2532,#2533);
#2107=AXIS2_PLACEMENT_3D('',#3162,#2535,#2536);
#2108=AXIS2_PLACEMENT_3D('',#3164,#2538,#2539);
#2109=AXIS2_PLACEMENT_3D('',#3165,#2540,#2541);
#2110=AXIS2_PLACEMENT_3D('',#3168,#2544,#2545);
#2111=AXIS2_PLACEMENT_3D('',#3170,#2547,#2548);
#2112=AXIS2_PLACEMENT_3D('',#3172,#2550,#2551);
#2113=AXIS2_PLACEMENT_3D('',#3173,#2552,#2553);
#2114=AXIS2_PLACEMENT_3D('',#3176,#2556,#2557);
#2115=AXIS2_PLACEMENT_3D('',#3178,#2559,#2560);
#2116=AXIS2_PLACEMENT_3D('',#3180,#2562,#2563);
#2117=AXIS2_PLACEMENT_3D('',#3181,#2564,#2565);
#2118=AXIS2_PLACEMENT_3D('',#3184,#2568,#2569);
#2119=AXIS2_PLACEMENT_3D('',#3186,#2571,#2572);
#2120=AXIS2_PLACEMENT_3D('',#3188,#2574,#2575);
#2121=AXIS2_PLACEMENT_3D('',#3189,#2576,#2577);
#2122=AXIS2_PLACEMENT_3D('',#3192,#2580,#2581);
#2123=AXIS2_PLACEMENT_3D('',#3194,#2583,#2584);
#2124=AXIS2_PLACEMENT_3D('',#3196,#2586,#2587);
#2125=AXIS2_PLACEMENT_3D('',#3197,#2588,#2589);
#2126=AXIS2_PLACEMENT_3D('',#3200,#2592,#2593);
#2127=AXIS2_PLACEMENT_3D('',#3202,#2595,#2596);
#2128=AXIS2_PLACEMENT_3D('',#3204,#2598,#2599);
#2129=AXIS2_PLACEMENT_3D('',#3205,#2600,#2601);
#2130=AXIS2_PLACEMENT_3D('',#3208,#2604,#2605);
#2131=AXIS2_PLACEMENT_3D('',#3210,#2607,#2608);
#2132=AXIS2_PLACEMENT_3D('',#3212,#2610,#2611);
#2133=AXIS2_PLACEMENT_3D('',#3213,#2612,#2613);
#2134=AXIS2_PLACEMENT_3D('',#3216,#2616,#2617);
#2135=AXIS2_PLACEMENT_3D('',#3218,#2619,#2620);
#2136=AXIS2_PLACEMENT_3D('',#3220,#2622,#2623);
#2137=AXIS2_PLACEMENT_3D('',#3221,#2624,#2625);
#2138=AXIS2_PLACEMENT_3D('',#3224,#2628,#2629);
#2139=AXIS2_PLACEMENT_3D('',#3226,#2631,#2632);
#2140=AXIS2_PLACEMENT_3D('',#3228,#2634,#2635);
#2141=AXIS2_PLACEMENT_3D('',#3229,#2636,#2637);
#2142=AXIS2_PLACEMENT_3D('',#3232,#2640,#2641);
#2143=AXIS2_PLACEMENT_3D('',#3234,#2643,#2644);
#2144=AXIS2_PLACEMENT_3D('',#3236,#2646,#2647);
#2145=AXIS2_PLACEMENT_3D('',#3237,#2648,#2649);
#2146=AXIS2_PLACEMENT_3D('',#3240,#2652,#2653);
#2147=AXIS2_PLACEMENT_3D('',#3242,#2655,#2656);
#2148=AXIS2_PLACEMENT_3D('',#3244,#2658,#2659);
#2149=AXIS2_PLACEMENT_3D('',#3245,#2660,#2661);
#2150=AXIS2_PLACEMENT_3D('',#3248,#2664,#2665);
#2151=AXIS2_PLACEMENT_3D('',#3250,#2667,#2668);
#2152=AXIS2_PLACEMENT_3D('',#3252,#2670,#2671);
#2153=AXIS2_PLACEMENT_3D('',#3253,#2672,#2673);
#2154=AXIS2_PLACEMENT_3D('',#3256,#2676,#2677);
#2155=AXIS2_PLACEMENT_3D('',#3258,#2679,#2680);
#2156=AXIS2_PLACEMENT_3D('',#3260,#2682,#2683);
#2157=AXIS2_PLACEMENT_3D('',#3261,#2684,#2685);
#2158=AXIS2_PLACEMENT_3D('',#3264,#2688,#2689);
#2159=AXIS2_PLACEMENT_3D('',#3266,#2691,#2692);
#2160=AXIS2_PLACEMENT_3D('',#3268,#2694,#2695);
#2161=AXIS2_PLACEMENT_3D('',#3269,#2696,#2697);
#2162=AXIS2_PLACEMENT_3D('',#3272,#2700,#2701);
#2163=AXIS2_PLACEMENT_3D('',#3274,#2703,#2704);
#2164=AXIS2_PLACEMENT_3D('',#3276,#2706,#2707);
#2165=AXIS2_PLACEMENT_3D('',#3277,#2708,#2709);
#2166=AXIS2_PLACEMENT_3D('',#3280,#2712,#2713);
#2167=AXIS2_PLACEMENT_3D('',#3282,#2715,#2716);
#2168=AXIS2_PLACEMENT_3D('',#3284,#2718,#2719);
#2169=AXIS2_PLACEMENT_3D('',#3285,#2720,#2721);
#2170=AXIS2_PLACEMENT_3D('',#3287,#2723,#2724);
#2171=DIRECTION('',(0.,0.,1.));
#2172=DIRECTION('',(1.,0.,0.));
#2173=DIRECTION('',(1.,0.,0.));
#2174=DIRECTION('',(0.,0.,-1.));
#2175=DIRECTION('',(0.,0.,-1.));
#2176=DIRECTION('',(0.,-1.,0.));
#2177=DIRECTION('',(0.,0.,-1.));
#2178=DIRECTION('',(0.,-1.,0.));
#2179=DIRECTION('',(0.,-1.,0.));
#2180=DIRECTION('',(0.,0.,-1.));
#2181=DIRECTION('',(-1.,0.,0.));
#2182=DIRECTION('',(-1.,0.,0.));
#2183=DIRECTION('',(0.,0.,-1.));
#2184=DIRECTION('',(1.,0.,0.));
#2185=DIRECTION('',(0.,0.,-1.));
#2186=DIRECTION('',(0.,0.866025403784439,-0.5));
#2187=DIRECTION('',(1.,0.,0.));
#2188=DIRECTION('',(0.,0.,-1.));
#2189=DIRECTION('',(0.,0.866025403784439,-0.5));
#2190=DIRECTION('',(1.,0.,0.));
#2191=DIRECTION('',(0.,0.,-1.));
#2192=DIRECTION('',(1.,0.,0.));
#2193=DIRECTION('',(0.,0.,-1.));
#2194=DIRECTION('',(0.,0.866025403784439,-0.5));
#2195=DIRECTION('',(1.,0.,0.));
#2196=DIRECTION('',(0.,0.,-1.));
#2197=DIRECTION('',(0.,0.866025403784439,-0.5));
#2198=DIRECTION('',(1.,0.,0.));
#2199=DIRECTION('',(0.,0.,-1.));
#2200=DIRECTION('',(0.,0.866025403784439,-0.5));
#2201=DIRECTION('',(1.,0.,0.));
#2202=DIRECTION('',(0.,0.,-1.));
#2203=DIRECTION('',(0.,0.866025403784439,-0.5));
#2204=DIRECTION('',(1.,0.,0.));
#2205=DIRECTION('',(0.,0.,-1.));
#2206=DIRECTION('',(0.,0.866025403784439,-0.5));
#2207=DIRECTION('',(1.,0.,0.));
#2208=DIRECTION('',(0.,0.,-1.));
#2209=DIRECTION('',(0.,0.866025403784439,-0.5));
#2210=DIRECTION('',(1.,0.,0.));
#2211=DIRECTION('',(0.,0.,-1.));
#2212=DIRECTION('',(0.,0.866025403784439,-0.5));
#2213=DIRECTION('',(1.,0.,0.));
#2214=DIRECTION('',(0.,0.,-1.));
#2215=DIRECTION('',(0.,0.866025403784439,-0.5));
#2216=DIRECTION('',(1.,0.,0.));
#2217=DIRECTION('',(0.,0.,-1.));
#2218=DIRECTION('',(0.,0.866025403784439,-0.5));
#2219=DIRECTION('',(1.,0.,0.));
#2220=DIRECTION('',(0.,0.,-1.));
#2221=DIRECTION('',(0.,0.866025403784439,-0.5));
#2222=DIRECTION('',(1.,0.,0.));
#2223=DIRECTION('',(0.,0.,-1.));
#2224=DIRECTION('',(0.,0.866025403784439,-0.5));
#2225=DIRECTION('',(1.,0.,0.));
#2226=DIRECTION('',(0.,0.,-1.));
#2227=DIRECTION('',(0.,0.866025403784439,-0.5));
#2228=DIRECTION('',(1.,0.,0.));
#2229=DIRECTION('',(0.,0.,-1.));
#2230=DIRECTION('',(0.,0.866025403784439,-0.5));
#2231=DIRECTION('',(1.,0.,0.));
#2232=DIRECTION('',(0.,0.,-1.));
#2233=DIRECTION('',(0.,0.866025403784439,-0.5));
#2234=DIRECTION('',(1.,0.,0.));
#2235=DIRECTION('',(0.,0.,-1.));
#2236=DIRECTION('',(0.,0.866025403784438,-0.5));
#2237=DIRECTION('',(1.,0.,0.));
#2238=DIRECTION('',(0.,0.,-1.));
#2239=DIRECTION('',(0.,0.866025403784439,-0.5));
#2240=DIRECTION('',(1.,0.,0.));
#2241=DIRECTION('',(0.,0.,-1.));
#2242=DIRECTION('',(0.,0.866025403784439,-0.5));
#2243=DIRECTION('',(1.,0.,0.));
#2244=DIRECTION('',(0.,0.,-1.));
#2245=DIRECTION('',(0.,0.866025403784439,-0.5));
#2246=DIRECTION('',(1.,0.,0.));
#2247=DIRECTION('',(0.,0.,-1.));
#2248=DIRECTION('',(0.,0.866025403784439,-0.5));
#2249=DIRECTION('',(1.,0.,0.));
#2250=DIRECTION('',(0.,0.,-1.));
#2251=DIRECTION('',(0.,0.866025403784439,-0.5));
#2252=DIRECTION('',(1.,0.,0.));
#2253=DIRECTION('',(0.,0.,-1.));
#2254=DIRECTION('',(0.,0.866025403784439,-0.5));
#2255=DIRECTION('',(1.,0.,0.));
#2256=DIRECTION('',(0.,0.,-1.));
#2257=DIRECTION('',(0.,0.866025403784439,-0.5));
#2258=DIRECTION('',(1.,0.,0.));
#2259=DIRECTION('',(0.,0.,-1.));
#2260=DIRECTION('',(0.,0.866025403784439,-0.5));
#2261=DIRECTION('',(1.,0.,0.));
#2262=DIRECTION('',(0.,0.,-1.));
#2263=DIRECTION('',(0.,0.866025403784439,-0.5));
#2264=DIRECTION('',(1.,0.,0.));
#2265=DIRECTION('',(0.,0.,-1.));
#2266=DIRECTION('',(0.,0.866025403784439,-0.5));
#2267=DIRECTION('',(1.,0.,0.));
#2268=DIRECTION('',(0.,0.,-1.));
#2269=DIRECTION('',(0.,0.866025403784439,-0.5));
#2270=DIRECTION('',(1.,0.,0.));
#2271=DIRECTION('',(0.,0.,-1.));
#2272=DIRECTION('',(0.,0.866025403784439,-0.5));
#2273=DIRECTION('',(1.,0.,0.));
#2274=DIRECTION('',(0.,0.,-1.));
#2275=DIRECTION('',(0.,0.866025403784439,-0.5));
#2276=DIRECTION('',(1.,0.,0.));
#2277=DIRECTION('',(0.,0.,-1.));
#2278=DIRECTION('',(0.,0.866025403784439,-0.5));
#2279=DIRECTION('',(1.,0.,0.));
#2280=DIRECTION('',(0.,0.,-1.));
#2281=DIRECTION('',(0.,0.866025403784439,-0.5));
#2282=DIRECTION('',(1.,0.,0.));
#2283=DIRECTION('',(0.,0.,-1.));
#2284=DIRECTION('',(0.,0.866025403784439,-0.5));
#2285=DIRECTION('',(1.,0.,0.));
#2286=DIRECTION('',(0.,0.,-1.));
#2287=DIRECTION('',(0.,0.866025403784439,-0.5));
#2288=DIRECTION('',(1.,0.,0.));
#2289=DIRECTION('',(0.,0.,-1.));
#2290=DIRECTION('',(0.,0.866025403784439,-0.5));
#2291=DIRECTION('',(1.,0.,0.));
#2292=DIRECTION('',(0.,0.,-1.));
#2293=DIRECTION('',(0.,0.866025403784439,-0.5));
#2294=DIRECTION('',(1.,0.,0.));
#2295=DIRECTION('',(0.,0.,-1.));
#2296=DIRECTION('',(0.,0.866025403784439,-0.5));
#2297=DIRECTION('',(1.,0.,0.));
#2298=DIRECTION('',(0.,0.,-1.));
#2299=DIRECTION('',(0.,0.866025403784439,-0.5));
#2300=DIRECTION('',(1.,0.,0.));
#2301=DIRECTION('',(0.,0.,-1.));
#2302=DIRECTION('',(0.,0.866025403784439,-0.5));
#2303=DIRECTION('',(1.,0.,0.));
#2304=DIRECTION('',(0.,0.,-1.));
#2305=DIRECTION('',(0.,0.866025403784439,-0.5));
#2306=DIRECTION('',(0.,-1.,0.));
#2307=DIRECTION('',(0.,-1.,0.));
#2308=DIRECTION('',(0.,0.,-1.));
#2309=DIRECTION('',(0.,-1.,0.));
#2310=DIRECTION('',(0.,0.,-1.));
#2311=DIRECTION('',(0.,0.,-1.));
#2312=DIRECTION('',(-1.,0.,0.));
#2313=DIRECTION('',(-1.,0.,0.));
#2314=DIRECTION('',(1.,0.,0.));
#2315=DIRECTION('',(0.,0.,-1.));
#2316=DIRECTION('',(0.,0.,-1.));
#2317=DIRECTION('',(0.,-1.,0.));
#2318=DIRECTION('',(0.,-1.,0.));
#2319=DIRECTION('',(0.,0.,1.));
#2320=DIRECTION('',(1.,0.,0.));
#2321=DIRECTION('',(-1.,0.,0.));
#2322=DIRECTION('',(0.,-1.,0.));
#2323=DIRECTION('',(-1.,0.,0.));
#2324=DIRECTION('',(1.42190448850558E-16,1.,0.));
#2325=DIRECTION('',(1.,0.,0.));
#2326=DIRECTION('',(0.,1.,0.));
#2327=DIRECTION('',(1.,0.,0.));
#2328=DIRECTION('',(1.42190448850558E-16,1.,0.));
#2329=DIRECTION('',(-1.,1.42190448850558E-16,0.));
#2330=DIRECTION('',(-1.42190448850558E-16,-1.,0.));
#2331=DIRECTION('',(1.42190448850558E-16,1.,0.));
#2332=DIRECTION('',(0.,0.,-1.));
#2333=DIRECTION('',(0.,0.,-1.));
#2334=DIRECTION('',(0.,-1.,0.));
#2335=DIRECTION('',(0.,0.,-1.));
#2336=DIRECTION('',(-1.,0.,0.));
#2337=DIRECTION('',(0.,0.,-1.));
#2338=DIRECTION('',(0.,-1.,0.));
#2339=DIRECTION('',(0.,0.,-1.));
#2340=DIRECTION('',(-1.,0.,0.));
#2341=DIRECTION('',(0.,0.,-1.));
#2342=DIRECTION('',(0.,0.,-1.));
#2343=DIRECTION('',(-1.,1.42190448850558E-16,0.));
#2344=DIRECTION('',(-1.42190448850558E-16,-1.,0.));
#2345=DIRECTION('',(1.42190448850558E-16,1.,0.));
#2346=DIRECTION('',(0.,0.,-1.));
#2347=DIRECTION('',(0.,1.,0.));
#2348=DIRECTION('',(0.,0.,1.));
#2349=DIRECTION('',(1.,0.,0.));
#2350=DIRECTION('',(0.,0.,-1.));
#2351=DIRECTION('',(-1.,0.,0.));
#2352=DIRECTION('',(0.,0.,1.));
#2353=DIRECTION('',(-1.,0.,0.));
#2354=DIRECTION('',(0.,0.,-1.));
#2355=DIRECTION('',(0.,0.866025403784439,-0.5));
#2356=DIRECTION('',(-1.,0.,0.));
#2357=DIRECTION('',(0.,0.,-1.));
#2358=DIRECTION('',(0.,0.866025403784439,-0.5));
#2359=DIRECTION('',(-1.,0.,0.));
#2360=DIRECTION('',(0.,0.,-1.));
#2361=DIRECTION('',(0.,0.866025403784439,-0.5));
#2362=DIRECTION('',(-1.,0.,0.));
#2363=DIRECTION('',(0.,0.,-1.));
#2364=DIRECTION('',(0.,0.866025403784439,-0.5));
#2365=DIRECTION('',(-1.,0.,0.));
#2366=DIRECTION('',(0.,0.,-1.));
#2367=DIRECTION('',(0.,0.866025403784439,-0.5));
#2368=DIRECTION('',(-1.,0.,0.));
#2369=DIRECTION('',(0.,0.,-1.));
#2370=DIRECTION('',(0.,0.866025403784439,-0.5));
#2371=DIRECTION('',(-1.,0.,0.));
#2372=DIRECTION('',(0.,0.,-1.));
#2373=DIRECTION('',(0.,0.866025403784439,-0.5));
#2374=DIRECTION('',(-1.,0.,0.));
#2375=DIRECTION('',(0.,0.,-1.));
#2376=DIRECTION('',(0.,0.866025403784439,-0.5));
#2377=DIRECTION('',(-1.,0.,0.));
#2378=DIRECTION('',(0.,0.,-1.));
#2379=DIRECTION('',(0.,0.866025403784439,-0.5));
#2380=DIRECTION('',(-1.,0.,0.));
#2381=DIRECTION('',(0.,0.,-1.));
#2382=DIRECTION('',(0.,0.866025403784439,-0.5));
#2383=DIRECTION('',(-1.,0.,0.));
#2384=DIRECTION('',(0.,0.,-1.));
#2385=DIRECTION('',(0.,0.866025403784439,-0.5));
#2386=DIRECTION('',(-1.,0.,0.));
#2387=DIRECTION('',(0.,0.,-1.));
#2388=DIRECTION('',(0.,0.866025403784439,-0.5));
#2389=DIRECTION('',(-1.,0.,0.));
#2390=DIRECTION('',(0.,0.,-1.));
#2391=DIRECTION('',(0.,0.866025403784439,-0.5));
#2392=DIRECTION('',(-1.,0.,0.));
#2393=DIRECTION('',(0.,0.,-1.));
#2394=DIRECTION('',(0.,0.866025403784439,-0.5));
#2395=DIRECTION('',(-1.,0.,0.));
#2396=DIRECTION('',(0.,0.,-1.));
#2397=DIRECTION('',(0.,0.866025403784439,-0.5));
#2398=DIRECTION('',(-1.,0.,0.));
#2399=DIRECTION('',(0.,0.,-1.));
#2400=DIRECTION('',(0.,0.866025403784439,-0.5));
#2401=DIRECTION('',(-1.,0.,0.));
#2402=DIRECTION('',(0.,0.,-1.));
#2403=DIRECTION('',(0.,0.866025403784439,-0.5));
#2404=DIRECTION('',(-1.,0.,0.));
#2405=DIRECTION('',(0.,0.,-1.));
#2406=DIRECTION('',(0.,0.866025403784439,-0.5));
#2407=DIRECTION('',(-1.,0.,0.));
#2408=DIRECTION('',(0.,0.,-1.));
#2409=DIRECTION('',(0.,0.866025403784439,-0.5));
#2410=DIRECTION('',(-1.,0.,0.));
#2411=DIRECTION('',(0.,0.,-1.));
#2412=DIRECTION('',(0.,0.866025403784439,-0.5));
#2413=DIRECTION('',(-1.,0.,0.));
#2414=DIRECTION('',(0.,0.,-1.));
#2415=DIRECTION('',(0.,0.866025403784439,-0.5));
#2416=DIRECTION('',(-1.,0.,0.));
#2417=DIRECTION('',(0.,0.,-1.));
#2418=DIRECTION('',(0.,0.866025403784439,-0.5));
#2419=DIRECTION('',(-1.,0.,0.));
#2420=DIRECTION('',(0.,0.,-1.));
#2421=DIRECTION('',(0.,0.866025403784439,-0.5));
#2422=DIRECTION('',(-1.,0.,0.));
#2423=DIRECTION('',(0.,0.,-1.));
#2424=DIRECTION('',(0.,0.866025403784438,-0.5));
#2425=DIRECTION('',(-1.,0.,0.));
#2426=DIRECTION('',(0.,0.,-1.));
#2427=DIRECTION('',(0.,0.866025403784439,-0.5));
#2428=DIRECTION('',(-1.,0.,0.));
#2429=DIRECTION('',(0.,0.,-1.));
#2430=DIRECTION('',(0.,0.866025403784439,-0.5));
#2431=DIRECTION('',(-1.,0.,0.));
#2432=DIRECTION('',(0.,0.,-1.));
#2433=DIRECTION('',(0.,0.866025403784439,-0.5));
#2434=DIRECTION('',(-1.,0.,0.));
#2435=DIRECTION('',(0.,0.,-1.));
#2436=DIRECTION('',(0.,0.866025403784439,-0.5));
#2437=DIRECTION('',(-1.,0.,0.));
#2438=DIRECTION('',(0.,0.,-1.));
#2439=DIRECTION('',(0.,0.866025403784439,-0.5));
#2440=DIRECTION('',(-1.,0.,0.));
#2441=DIRECTION('',(0.,0.,-1.));
#2442=DIRECTION('',(0.,0.866025403784439,-0.5));
#2443=DIRECTION('',(-1.,0.,0.));
#2444=DIRECTION('',(0.,0.,-1.));
#2445=DIRECTION('',(0.,0.866025403784439,-0.5));
#2446=DIRECTION('',(-1.,0.,0.));
#2447=DIRECTION('',(0.,0.,-1.));
#2448=DIRECTION('',(0.,0.866025403784439,-0.5));
#2449=DIRECTION('',(-1.,0.,0.));
#2450=DIRECTION('',(0.,0.,-1.));
#2451=DIRECTION('',(0.,0.866025403784439,-0.5));
#2452=DIRECTION('',(-1.,0.,0.));
#2453=DIRECTION('',(0.,0.,-1.));
#2454=DIRECTION('',(0.,0.866025403784439,-0.5));
#2455=DIRECTION('',(-1.,0.,0.));
#2456=DIRECTION('',(0.,0.,-1.));
#2457=DIRECTION('',(0.,0.866025403784439,-0.5));
#2458=DIRECTION('',(-1.,0.,0.));
#2459=DIRECTION('',(0.,0.,-1.));
#2460=DIRECTION('',(0.,0.866025403784439,-0.5));
#2461=DIRECTION('',(-1.,0.,0.));
#2462=DIRECTION('',(0.,0.,-1.));
#2463=DIRECTION('',(0.,0.866025403784439,-0.5));
#2464=DIRECTION('',(-1.,0.,0.));
#2465=DIRECTION('',(0.,0.,-1.));
#2466=DIRECTION('',(0.,0.866025403784439,-0.5));
#2467=DIRECTION('',(0.,0.866025403784439,-0.5));
#2468=DIRECTION('',(-1.,0.,0.));
#2469=DIRECTION('',(0.,0.,-1.));
#2470=DIRECTION('',(0.,0.866025403784439,-0.5));
#2471=DIRECTION('',(-1.,0.,0.));
#2472=DIRECTION('',(0.,0.,-1.));
#2473=DIRECTION('',(0.,1.,0.));
#2474=DIRECTION('',(0.,0.,-1.));
#2475=DIRECTION('',(0.,1.,0.));
#2476=DIRECTION('',(0.,0.,1.));
#2477=DIRECTION('',(1.,0.,0.));
#2478=DIRECTION('',(0.,0.,1.));
#2479=DIRECTION('',(1.,0.,0.));
#2480=DIRECTION('',(0.,-0.5,-0.866025403784439));
#2481=DIRECTION('',(0.,0.866025403784439,-0.5));
#2482=DIRECTION('',(1.,0.,0.));
#2483=DIRECTION('',(1.,0.,0.));
#2484=DIRECTION('',(1.,0.,0.));
#2485=DIRECTION('',(0.,0.,-1.));
#2486=DIRECTION('',(1.,0.,0.));
#2487=DIRECTION('',(0.,-0.5,-0.866025403784439));
#2488=DIRECTION('',(0.,0.866025403784439,-0.5));
#2489=DIRECTION('',(1.,0.,0.));
#2490=DIRECTION('',(1.,0.,0.));
#2491=DIRECTION('',(0.,0.,-1.));
#2492=DIRECTION('',(1.,0.,0.));
#2493=DIRECTION('',(0.,0.,-1.));
#2494=DIRECTION('',(1.,0.,0.));
#2495=DIRECTION('',(1.,0.,0.));
#2496=DIRECTION('',(0.,-0.5,-0.866025403784439));
#2497=DIRECTION('',(0.,0.866025403784439,-0.5));
#2498=DIRECTION('',(1.,0.,0.));
#2499=DIRECTION('',(1.,0.,0.));
#2500=DIRECTION('',(0.,0.,-1.));
#2501=DIRECTION('',(1.,0.,0.));
#2502=DIRECTION('',(0.,-0.5,-0.866025403784439));
#2503=DIRECTION('',(0.,0.866025403784439,-0.5));
#2504=DIRECTION('',(1.,0.,0.));
#2505=DIRECTION('',(0.,0.,-1.));
#2506=DIRECTION('',(1.,0.,0.));
#2507=DIRECTION('',(1.,0.,0.));
#2508=DIRECTION('',(0.,-0.5,-0.866025403784439));
#2509=DIRECTION('',(0.,0.866025403784439,-0.5));
#2510=DIRECTION('',(1.,0.,0.));
#2511=DIRECTION('',(1.,0.,0.));
#2512=DIRECTION('',(0.,0.,-1.));
#2513=DIRECTION('',(1.,0.,0.));
#2514=DIRECTION('',(0.,-0.5,-0.866025403784439));
#2515=DIRECTION('',(0.,0.866025403784439,-0.5));
#2516=DIRECTION('',(1.,0.,0.));
#2517=DIRECTION('',(0.,0.,-1.));
#2518=DIRECTION('',(1.,0.,0.));
#2519=DIRECTION('',(1.,0.,0.));
#2520=DIRECTION('',(0.,-0.5,-0.866025403784439));
#2521=DIRECTION('',(0.,0.866025403784439,-0.5));
#2522=DIRECTION('',(1.,0.,0.));
#2523=DIRECTION('',(1.,0.,0.));
#2524=DIRECTION('',(0.,0.,-1.));
#2525=DIRECTION('',(1.,0.,0.));
#2526=DIRECTION('',(0.,-0.5,-0.866025403784439));
#2527=DIRECTION('',(0.,0.866025403784439,-0.5));
#2528=DIRECTION('',(1.,0.,0.));
#2529=DIRECTION('',(0.,0.,-1.));
#2530=DIRECTION('',(1.,0.,0.));
#2531=DIRECTION('',(1.,0.,0.));
#2532=DIRECTION('',(0.,-0.5,-0.866025403784439));
#2533=DIRECTION('',(0.,0.866025403784439,-0.5));
#2534=DIRECTION('',(1.,0.,0.));
#2535=DIRECTION('',(1.,0.,0.));
#2536=DIRECTION('',(0.,0.,-1.));
#2537=DIRECTION('',(1.,0.,0.));
#2538=DIRECTION('',(0.,-0.5,-0.866025403784439));
#2539=DIRECTION('',(0.,0.866025403784439,-0.5));
#2540=DIRECTION('',(1.,0.,0.));
#2541=DIRECTION('',(0.,0.,-1.));
#2542=DIRECTION('',(1.,0.,0.));
#2543=DIRECTION('',(1.,0.,0.));
#2544=DIRECTION('',(0.,-0.5,-0.866025403784439));
#2545=DIRECTION('',(0.,0.866025403784439,-0.5));
#2546=DIRECTION('',(1.,0.,0.));
#2547=DIRECTION('',(1.,0.,0.));
#2548=DIRECTION('',(0.,0.,-1.));
#2549=DIRECTION('',(1.,0.,0.));
#2550=DIRECTION('',(0.,-0.5,-0.866025403784439));
#2551=DIRECTION('',(0.,0.866025403784439,-0.5));
#2552=DIRECTION('',(1.,0.,0.));
#2553=DIRECTION('',(0.,0.,-1.));
#2554=DIRECTION('',(1.,0.,0.));
#2555=DIRECTION('',(1.,0.,0.));
#2556=DIRECTION('',(0.,-0.5,-0.866025403784439));
#2557=DIRECTION('',(0.,0.866025403784439,-0.5));
#2558=DIRECTION('',(1.,0.,0.));
#2559=DIRECTION('',(1.,0.,0.));
#2560=DIRECTION('',(0.,0.,-1.));
#2561=DIRECTION('',(1.,0.,0.));
#2562=DIRECTION('',(0.,-0.5,-0.866025403784439));
#2563=DIRECTION('',(0.,0.866025403784439,-0.5));
#2564=DIRECTION('',(1.,0.,0.));
#2565=DIRECTION('',(0.,0.,-1.));
#2566=DIRECTION('',(1.,0.,0.));
#2567=DIRECTION('',(1.,0.,0.));
#2568=DIRECTION('',(0.,-0.5,-0.866025403784439));
#2569=DIRECTION('',(0.,0.866025403784439,-0.5));
#2570=DIRECTION('',(1.,0.,0.));
#2571=DIRECTION('',(1.,0.,0.));
#2572=DIRECTION('',(0.,0.,-1.));
#2573=DIRECTION('',(1.,0.,0.));
#2574=DIRECTION('',(0.,-0.5,-0.866025403784439));
#2575=DIRECTION('',(0.,0.866025403784439,-0.5));
#2576=DIRECTION('',(1.,0.,0.));
#2577=DIRECTION('',(0.,0.,-1.));
#2578=DIRECTION('',(1.,0.,0.));
#2579=DIRECTION('',(1.,0.,0.));
#2580=DIRECTION('',(0.,-0.5,-0.866025403784438));
#2581=DIRECTION('',(0.,0.866025403784438,-0.5));
#2582=DIRECTION('',(1.,0.,0.));
#2583=DIRECTION('',(1.,0.,0.));
#2584=DIRECTION('',(0.,0.,-1.));
#2585=DIRECTION('',(1.,0.,0.));
#2586=DIRECTION('',(0.,-0.5,-0.866025403784439));
#2587=DIRECTION('',(0.,0.866025403784439,-0.5));
#2588=DIRECTION('',(1.,0.,0.));
#2589=DIRECTION('',(0.,0.,-1.));
#2590=DIRECTION('',(1.,0.,0.));
#2591=DIRECTION('',(1.,0.,0.));
#2592=DIRECTION('',(0.,-0.5,-0.866025403784439));
#2593=DIRECTION('',(0.,0.866025403784439,-0.5));
#2594=DIRECTION('',(1.,0.,0.));
#2595=DIRECTION('',(1.,0.,0.));
#2596=DIRECTION('',(0.,0.,-1.));
#2597=DIRECTION('',(1.,0.,0.));
#2598=DIRECTION('',(0.,-0.5,-0.866025403784439));
#2599=DIRECTION('',(0.,0.866025403784439,-0.5));
#2600=DIRECTION('',(1.,0.,0.));
#2601=DIRECTION('',(0.,0.,-1.));
#2602=DIRECTION('',(1.,0.,0.));
#2603=DIRECTION('',(1.,0.,0.));
#2604=DIRECTION('',(0.,-0.5,-0.866025403784439));
#2605=DIRECTION('',(0.,0.866025403784439,-0.5));
#2606=DIRECTION('',(1.,0.,0.));
#2607=DIRECTION('',(1.,0.,0.));
#2608=DIRECTION('',(0.,0.,-1.));
#2609=DIRECTION('',(1.,0.,0.));
#2610=DIRECTION('',(0.,-0.5,-0.866025403784439));
#2611=DIRECTION('',(0.,0.866025403784439,-0.5));
#2612=DIRECTION('',(1.,0.,0.));
#2613=DIRECTION('',(0.,0.,-1.));
#2614=DIRECTION('',(1.,0.,0.));
#2615=DIRECTION('',(1.,0.,0.));
#2616=DIRECTION('',(0.,-0.5,-0.866025403784439));
#2617=DIRECTION('',(0.,0.866025403784439,-0.5));
#2618=DIRECTION('',(1.,0.,0.));
#2619=DIRECTION('',(1.,0.,0.));
#2620=DIRECTION('',(0.,0.,-1.));
#2621=DIRECTION('',(1.,0.,0.));
#2622=DIRECTION('',(0.,-0.5,-0.866025403784439));
#2623=DIRECTION('',(0.,0.866025403784439,-0.5));
#2624=DIRECTION('',(1.,0.,0.));
#2625=DIRECTION('',(0.,0.,-1.));
#2626=DIRECTION('',(1.,0.,0.));
#2627=DIRECTION('',(1.,0.,0.));
#2628=DIRECTION('',(0.,-0.5,-0.866025403784439));
#2629=DIRECTION('',(0.,0.866025403784439,-0.5));
#2630=DIRECTION('',(1.,0.,0.));
#2631=DIRECTION('',(1.,0.,0.));
#2632=DIRECTION('',(0.,0.,-1.));
#2633=DIRECTION('',(1.,0.,0.));
#2634=DIRECTION('',(0.,-0.5,-0.866025403784439));
#2635=DIRECTION('',(0.,0.866025403784439,-0.5));
#2636=DIRECTION('',(1.,0.,0.));
#2637=DIRECTION('',(0.,0.,-1.));
#2638=DIRECTION('',(1.,0.,0.));
#2639=DIRECTION('',(1.,0.,0.));
#2640=DIRECTION('',(0.,-0.5,-0.866025403784439));
#2641=DIRECTION('',(0.,0.866025403784439,-0.5));
#2642=DIRECTION('',(1.,0.,0.));
#2643=DIRECTION('',(1.,0.,0.));
#2644=DIRECTION('',(0.,0.,-1.));
#2645=DIRECTION('',(1.,0.,0.));
#2646=DIRECTION('',(0.,-0.5,-0.866025403784439));
#2647=DIRECTION('',(0.,0.866025403784439,-0.5));
#2648=DIRECTION('',(1.,0.,0.));
#2649=DIRECTION('',(0.,0.,-1.));
#2650=DIRECTION('',(1.,0.,0.));
#2651=DIRECTION('',(1.,0.,0.));
#2652=DIRECTION('',(0.,-0.5,-0.866025403784439));
#2653=DIRECTION('',(0.,0.866025403784439,-0.5));
#2654=DIRECTION('',(1.,0.,0.));
#2655=DIRECTION('',(1.,0.,0.));
#2656=DIRECTION('',(0.,0.,-1.));
#2657=DIRECTION('',(1.,0.,0.));
#2658=DIRECTION('',(0.,-0.5,-0.866025403784439));
#2659=DIRECTION('',(0.,0.866025403784439,-0.5));
#2660=DIRECTION('',(1.,0.,0.));
#2661=DIRECTION('',(0.,0.,-1.));
#2662=DIRECTION('',(1.,0.,0.));
#2663=DIRECTION('',(1.,0.,0.));
#2664=DIRECTION('',(0.,-0.5,-0.866025403784439));
#2665=DIRECTION('',(0.,0.866025403784439,-0.5));
#2666=DIRECTION('',(1.,0.,0.));
#2667=DIRECTION('',(1.,0.,0.));
#2668=DIRECTION('',(0.,0.,-1.));
#2669=DIRECTION('',(1.,0.,0.));
#2670=DIRECTION('',(0.,-0.5,-0.866025403784439));
#2671=DIRECTION('',(0.,0.866025403784439,-0.5));
#2672=DIRECTION('',(1.,0.,0.));
#2673=DIRECTION('',(0.,0.,-1.));
#2674=DIRECTION('',(1.,0.,0.));
#2675=DIRECTION('',(1.,0.,0.));
#2676=DIRECTION('',(0.,-0.5,-0.866025403784439));
#2677=DIRECTION('',(0.,0.866025403784439,-0.5));
#2678=DIRECTION('',(1.,0.,0.));
#2679=DIRECTION('',(1.,0.,0.));
#2680=DIRECTION('',(0.,0.,-1.));
#2681=DIRECTION('',(1.,0.,0.));
#2682=DIRECTION('',(0.,-0.5,-0.866025403784439));
#2683=DIRECTION('',(0.,0.866025403784439,-0.5));
#2684=DIRECTION('',(1.,0.,0.));
#2685=DIRECTION('',(0.,0.,-1.));
#2686=DIRECTION('',(1.,0.,0.));
#2687=DIRECTION('',(1.,0.,0.));
#2688=DIRECTION('',(0.,-0.5,-0.866025403784439));
#2689=DIRECTION('',(0.,0.866025403784439,-0.5));
#2690=DIRECTION('',(1.,0.,0.));
#2691=DIRECTION('',(1.,0.,0.));
#2692=DIRECTION('',(0.,0.,-1.));
#2693=DIRECTION('',(1.,0.,0.));
#2694=DIRECTION('',(0.,-0.5,-0.866025403784439));
#2695=DIRECTION('',(0.,0.866025403784439,-0.5));
#2696=DIRECTION('',(1.,0.,0.));
#2697=DIRECTION('',(0.,0.,-1.));
#2698=DIRECTION('',(1.,0.,0.));
#2699=DIRECTION('',(1.,0.,0.));
#2700=DIRECTION('',(0.,-0.5,-0.866025403784439));
#2701=DIRECTION('',(0.,0.866025403784439,-0.5));
#2702=DIRECTION('',(1.,0.,0.));
#2703=DIRECTION('',(1.,0.,0.));
#2704=DIRECTION('',(0.,0.,-1.));
#2705=DIRECTION('',(1.,0.,0.));
#2706=DIRECTION('',(0.,-0.5,-0.866025403784439));
#2707=DIRECTION('',(0.,0.866025403784439,-0.5));
#2708=DIRECTION('',(1.,0.,0.));
#2709=DIRECTION('',(0.,0.,-1.));
#2710=DIRECTION('',(1.,0.,0.));
#2711=DIRECTION('',(1.,0.,0.));
#2712=DIRECTION('',(0.,-0.5,-0.866025403784439));
#2713=DIRECTION('',(0.,0.866025403784439,-0.5));
#2714=DIRECTION('',(1.,0.,0.));
#2715=DIRECTION('',(1.,0.,0.));
#2716=DIRECTION('',(0.,0.,-1.));
#2717=DIRECTION('',(1.,0.,0.));
#2718=DIRECTION('',(0.,-0.5,-0.866025403784439));
#2719=DIRECTION('',(0.,0.866025403784439,-0.5));
#2720=DIRECTION('',(-1.,0.,0.));
#2721=DIRECTION('',(0.,-1.,0.));
#2722=DIRECTION('',(0.,-1.,0.));
#2723=DIRECTION('',(0.,0.,-1.));
#2724=DIRECTION('',(-1.,0.,0.));
#2725=CARTESIAN_POINT('',(0.,0.,0.));
#2726=CARTESIAN_POINT('',(-0.001025,0.005975,0.068));
#2727=CARTESIAN_POINT('',(-0.001025,0.0075,0.068));
#2728=CARTESIAN_POINT('',(-0.001025,0.0075,0.065));
#2729=CARTESIAN_POINT('',(-0.001025,0.0075,0.));
#2730=CARTESIAN_POINT('',(-0.001025,8.67361737988404E-19,0.065));
#2731=CARTESIAN_POINT('',(-0.001025,0.00445,0.065));
#2732=CARTESIAN_POINT('',(-0.001025,0.00445,0.068));
#2733=CARTESIAN_POINT('',(-0.001025,0.00445,0.));
#2734=CARTESIAN_POINT('',(-0.001025,0.005975,0.));
#2735=CARTESIAN_POINT('',(-0.001525,0.0075,0.068));
#2736=CARTESIAN_POINT('',(-0.001025,0.0075,0.065));
#2737=CARTESIAN_POINT('',(-0.002025,0.0075,0.065));
#2738=CARTESIAN_POINT('',(-0.001525,0.0075,0.));
#2739=CARTESIAN_POINT('',(-0.002025,0.0075,0.));
#2740=CARTESIAN_POINT('',(-0.002025,0.0075,0.068));
#2741=CARTESIAN_POINT('',(-0.002025,8.67361737988404E-19,0.068));
#2742=CARTESIAN_POINT('',(-0.002025,-0.00219170399226419,0.0642038573302469));
#2743=CARTESIAN_POINT('',(-0.002025,-0.00225,0.0642375145460058));
#2744=CARTESIAN_POINT('',(-0.002025,0.00275,0.0613507632000577));
#2745=CARTESIAN_POINT('',(-0.002025,-0.0025,0.0638045018441136));
#2746=CARTESIAN_POINT('',(-0.002025,-0.00275,0.0633714891422214));
#2747=CARTESIAN_POINT('',(-0.002025,-0.0026917039922642,0.0633378319264625));
#2748=CARTESIAN_POINT('',(-0.002025,0.00225,0.0604847377962733));
#2749=CARTESIAN_POINT('',(-0.002025,0.0025,0.0609177504981655));
#2750=CARTESIAN_POINT('',(-0.002025,0.0025,0.00731397778575042));
#2751=CARTESIAN_POINT('',(-0.002025,0.00275,0.00774699048764264));
#2752=CARTESIAN_POINT('',(-0.002025,0.00225,0.0068809650838582));
#2753=CARTESIAN_POINT('',(-0.002025,-0.0254028184460834,0.0240010277959356));
#2754=CARTESIAN_POINT('',(-0.002025,-0.00225,0.0106337418335908));
#2755=CARTESIAN_POINT('',(-0.002025,-0.0025,0.0102007291316986));
#2756=CARTESIAN_POINT('',(-0.002025,-0.00275,0.00976771642980634));
#2757=CARTESIAN_POINT('',(-0.002025,-0.0259028184460834,0.0231350023921512));
#2758=CARTESIAN_POINT('',(-0.002025,0.0025,0.0103139777857504));
#2759=CARTESIAN_POINT('',(-0.002025,0.00275,0.0107469904876426));
#2760=CARTESIAN_POINT('',(-0.002025,0.00225,0.0098809650838582));
#2761=CARTESIAN_POINT('',(-0.002025,-0.0241037803404068,0.0262510277959356));
#2762=CARTESIAN_POINT('',(-0.002025,-0.00225,0.0136337418335908));
#2763=CARTESIAN_POINT('',(-0.002025,-0.0025,0.0132007291316986));
#2764=CARTESIAN_POINT('',(-0.002025,-0.00275,0.0127677164298063));
#2765=CARTESIAN_POINT('',(-0.002025,-0.0246037803404068,0.0253850023921512));
#2766=CARTESIAN_POINT('',(-0.002025,0.0025,0.00419549815588639));
#2767=CARTESIAN_POINT('',(-0.002025,0.00275,0.00462851085777861));
#2768=CARTESIAN_POINT('',(-0.002025,0.00225,0.00376248545399417));
#2769=CARTESIAN_POINT('',(-0.002025,-0.0267531597364068,0.0216621680735376));
#2770=CARTESIAN_POINT('',(-0.002025,-0.00225,0.00751526220372675));
#2771=CARTESIAN_POINT('',(-0.002025,-0.0025,0.00708224950183453));
#2772=CARTESIAN_POINT('',(-0.002025,-0.00275,0.00664923679994231));
#2773=CARTESIAN_POINT('',(-0.002025,-0.0272531597364068,0.0207961426697531));
#2774=CARTESIAN_POINT('',(-0.002025,0.0025,0.0433139777857505));
#2775=CARTESIAN_POINT('',(-0.002025,0.00275,0.0437469904876427));
#2776=CARTESIAN_POINT('',(-0.002025,0.00225,0.0428809650838582));
#2777=CARTESIAN_POINT('',(-0.002025,-0.00981436117796353,0.0510010277959356));
#2778=CARTESIAN_POINT('',(-0.002025,-0.00225,0.0466337418335908));
#2779=CARTESIAN_POINT('',(-0.002025,-0.0025,0.0462007291316986));
#2780=CARTESIAN_POINT('',(-0.002025,-0.00275,0.0457677164298064));
#2781=CARTESIAN_POINT('',(-0.002025,-0.0103143611779635,0.0501350023921512));
#2782=CARTESIAN_POINT('',(-0.002025,0.0025,0.0463139777857505));
#2783=CARTESIAN_POINT('',(-0.002025,0.00275,0.0467469904876427));
#2784=CARTESIAN_POINT('',(-0.002025,0.00225,0.0458809650838583));
#2785=CARTESIAN_POINT('',(-0.002025,-0.00851532307228688,0.0532510277959356));
#2786=CARTESIAN_POINT('',(-0.002025,-0.00225,0.0496337418335908));
#2787=CARTESIAN_POINT('',(-0.002025,-0.0025,0.0492007291316986));
#2788=CARTESIAN_POINT('',(-0.002025,-0.00275,0.0487677164298064));
#2789=CARTESIAN_POINT('',(-0.002025,-0.00901532307228687,0.0523850023921512));
#2790=CARTESIAN_POINT('',(-0.002025,0.0025,0.0373139777857505));
#2791=CARTESIAN_POINT('',(-0.002025,0.00275,0.0377469904876427));
#2792=CARTESIAN_POINT('',(-0.002025,0.00225,0.0368809650838582));
#2793=CARTESIAN_POINT('',(-0.002025,-0.0124124373893169,0.0465010277959356));
#2794=CARTESIAN_POINT('',(-0.002025,-0.00225,0.0406337418335909));
#2795=CARTESIAN_POINT('',(-0.002025,-0.0025,0.0402007291316986));
#2796=CARTESIAN_POINT('',(-0.002025,-0.00275,0.0397677164298064));
#2797=CARTESIAN_POINT('',(-0.002025,-0.0129124373893169,0.0456350023921512));
#2798=CARTESIAN_POINT('',(-0.002025,0.0025,0.0403139777857505));
#2799=CARTESIAN_POINT('',(-0.002025,0.00275,0.0407469904876427));
#2800=CARTESIAN_POINT('',(-0.002025,0.00225,0.0398809650838582));
#2801=CARTESIAN_POINT('',(-0.002025,-0.0111133992836402,0.0487510277959356));
#2802=CARTESIAN_POINT('',(-0.002025,-0.00225,0.0436337418335909));
#2803=CARTESIAN_POINT('',(-0.002025,-0.0025,0.0432007291316986));
#2804=CARTESIAN_POINT('',(-0.002025,-0.00275,0.0427677164298064));
#2805=CARTESIAN_POINT('',(-0.002025,-0.0116133992836402,0.0478850023921512));
#2806=CARTESIAN_POINT('',(-0.002025,0.0025,0.0553139777857505));
#2807=CARTESIAN_POINT('',(-0.002025,0.00275,0.0557469904876427));
#2808=CARTESIAN_POINT('',(-0.002025,0.00225,0.0548809650838583));
#2809=CARTESIAN_POINT('',(-0.002025,-0.00461820875525692,0.0600010277959356));
#2810=CARTESIAN_POINT('',(-0.002025,-0.00225,0.0586337418335908));
#2811=CARTESIAN_POINT('',(-0.002025,-0.0025,0.0582007291316986));
#2812=CARTESIAN_POINT('',(-0.002025,-0.00275,0.0577677164298064));
#2813=CARTESIAN_POINT('',(-0.002025,-0.00511820875525691,0.0591350023921512));
#2814=CARTESIAN_POINT('',(-0.002025,0.0025,0.0579177504981655));
#2815=CARTESIAN_POINT('',(-0.002025,0.00275,0.0583507632000577));
#2816=CARTESIAN_POINT('',(-0.002025,0.00225,0.0574847377962732));
#2817=CARTESIAN_POINT('',(-0.002025,-0.00349074209794085,0.0619538573302469));
#2818=CARTESIAN_POINT('',(-0.002025,-0.00225,0.0612375145460058));
#2819=CARTESIAN_POINT('',(-0.002025,-0.0025,0.0608045018441136));
#2820=CARTESIAN_POINT('',(-0.002025,-0.00275,0.0603714891422214));
#2821=CARTESIAN_POINT('',(-0.002025,-0.00399074209794085,0.0610878319264624));
#2822=CARTESIAN_POINT('',(-0.002025,0.0025,0.0493139777857505));
#2823=CARTESIAN_POINT('',(-0.002025,0.00275,0.0497469904876427));
#2824=CARTESIAN_POINT('',(-0.002025,0.00225,0.0488809650838583));
#2825=CARTESIAN_POINT('',(-0.002025,-0.00721628496661022,0.0555010277959356));
#2826=CARTESIAN_POINT('',(-0.002025,-0.00225,0.0526337418335908));
#2827=CARTESIAN_POINT('',(-0.002025,-0.0025,0.0522007291316986));
#2828=CARTESIAN_POINT('',(-0.002025,-0.00275,0.0517677164298064));
#2829=CARTESIAN_POINT('',(-0.002025,-0.00771628496661021,0.0546350023921512));
#2830=CARTESIAN_POINT('',(-0.002025,0.0025,0.0523139777857505));
#2831=CARTESIAN_POINT('',(-0.002025,0.00275,0.0527469904876427));
#2832=CARTESIAN_POINT('',(-0.002025,0.00225,0.0518809650838583));
#2833=CARTESIAN_POINT('',(-0.002025,-0.00591724686093356,0.0577510277959356));
#2834=CARTESIAN_POINT('',(-0.002025,-0.00225,0.0556337418335908));
#2835=CARTESIAN_POINT('',(-0.002025,-0.0025,0.0552007291316986));
#2836=CARTESIAN_POINT('',(-0.002025,-0.00275,0.0547677164298064));
#2837=CARTESIAN_POINT('',(-0.002025,-0.00641724686093356,0.0568850023921512));
#2838=CARTESIAN_POINT('',(-0.002025,0.0025,0.0193139777857505));
#2839=CARTESIAN_POINT('',(-0.002025,0.00275,0.0197469904876427));
#2840=CARTESIAN_POINT('',(-0.002025,0.00225,0.0188809650838582));
#2841=CARTESIAN_POINT('',(-0.002025,-0.0202066660233768,0.0330010277959356));
#2842=CARTESIAN_POINT('',(-0.002025,-0.00225,0.0226337418335908));
#2843=CARTESIAN_POINT('',(-0.002025,-0.0025,0.0222007291316986));
#2844=CARTESIAN_POINT('',(-0.002025,-0.00275,0.0217677164298063));
#2845=CARTESIAN_POINT('',(-0.002025,-0.0207066660233768,0.0321350023921511));
#2846=CARTESIAN_POINT('',(-0.002025,0.0025,0.0223139777857504));
#2847=CARTESIAN_POINT('',(-0.002025,0.00275,0.0227469904876427));
#2848=CARTESIAN_POINT('',(-0.002025,0.00225,0.0218809650838582));
#2849=CARTESIAN_POINT('',(-0.002025,-0.0189076279177001,0.0352510277959356));
#2850=CARTESIAN_POINT('',(-0.002025,-0.00225,0.0256337418335908));
#2851=CARTESIAN_POINT('',(-0.002025,-0.0025,0.0252007291316986));
#2852=CARTESIAN_POINT('',(-0.002025,-0.00275,0.0247677164298063));
#2853=CARTESIAN_POINT('',(-0.002025,-0.0194076279177001,0.0343850023921511));
#2854=CARTESIAN_POINT('',(-0.002025,0.0025,0.0133139777857504));
#2855=CARTESIAN_POINT('',(-0.002025,0.00275,0.0137469904876426));
#2856=CARTESIAN_POINT('',(-0.002025,0.00225,0.0128809650838582));
#2857=CARTESIAN_POINT('',(-0.002025,-0.0228047422347301,0.0285010277959356));
#2858=CARTESIAN_POINT('',(-0.002025,-0.00225,0.0166337418335908));
#2859=CARTESIAN_POINT('',(-0.002025,-0.0025,0.0162007291316986));
#2860=CARTESIAN_POINT('',(-0.002025,-0.00275,0.0157677164298064));
#2861=CARTESIAN_POINT('',(-0.002025,-0.0233047422347301,0.0276350023921512));
#2862=CARTESIAN_POINT('',(-0.002025,0.0025,0.0163139777857504));
#2863=CARTESIAN_POINT('',(-0.002025,0.00275,0.0167469904876427));
#2864=CARTESIAN_POINT('',(-0.002025,0.00225,0.0158809650838582));
#2865=CARTESIAN_POINT('',(-0.002025,-0.0215057041290535,0.0307510277959356));
#2866=CARTESIAN_POINT('',(-0.002025,-0.00225,0.0196337418335908));
#2867=CARTESIAN_POINT('',(-0.002025,-0.0025,0.0192007291316986));
#2868=CARTESIAN_POINT('',(-0.002025,-0.00275,0.0187677164298064));
#2869=CARTESIAN_POINT('',(-0.002025,-0.0220057041290535,0.0298850023921512));
#2870=CARTESIAN_POINT('',(-0.002025,0.0025,0.0313139777857505));
#2871=CARTESIAN_POINT('',(-0.002025,0.00275,0.0317469904876427));
#2872=CARTESIAN_POINT('',(-0.002025,0.00225,0.0308809650838582));
#2873=CARTESIAN_POINT('',(-0.002025,-0.0150105136006702,0.0420010277959356));
#2874=CARTESIAN_POINT('',(-0.002025,-0.00225,0.0346337418335908));
#2875=CARTESIAN_POINT('',(-0.002025,-0.0025,0.0342007291316986));
#2876=CARTESIAN_POINT('',(-0.002025,-0.00275,0.0337677164298064));
#2877=CARTESIAN_POINT('',(-0.002025,-0.0155105136006702,0.0411350023921512));
#2878=CARTESIAN_POINT('',(-0.002025,0.0025,0.0343139777857505));
#2879=CARTESIAN_POINT('',(-0.002025,0.00275,0.0347469904876427));
#2880=CARTESIAN_POINT('',(-0.002025,0.00225,0.0338809650838582));
#2881=CARTESIAN_POINT('',(-0.002025,-0.0137114754949935,0.0442510277959356));
#2882=CARTESIAN_POINT('',(-0.002025,-0.00225,0.0376337418335909));
#2883=CARTESIAN_POINT('',(-0.002025,-0.0025,0.0372007291316986));
#2884=CARTESIAN_POINT('',(-0.002025,-0.00275,0.0367677164298064));
#2885=CARTESIAN_POINT('',(-0.002025,-0.0142114754949935,0.0433850023921512));
#2886=CARTESIAN_POINT('',(-0.002025,0.0025,0.0253139777857504));
#2887=CARTESIAN_POINT('',(-0.002025,0.00275,0.0257469904876426));
#2888=CARTESIAN_POINT('',(-0.002025,0.00225,0.0248809650838582));
#2889=CARTESIAN_POINT('',(-0.002025,-0.0176085898120235,0.0375010277959356));
#2890=CARTESIAN_POINT('',(-0.002025,-0.00225,0.0286337418335908));
#2891=CARTESIAN_POINT('',(-0.002025,-0.0025,0.0282007291316986));
#2892=CARTESIAN_POINT('',(-0.002025,-0.00275,0.0277677164298063));
#2893=CARTESIAN_POINT('',(-0.002025,-0.0181085898120235,0.0366350023921511));
#2894=CARTESIAN_POINT('',(-0.002025,0.0025,0.0283139777857504));
#2895=CARTESIAN_POINT('',(-0.002025,0.00275,0.0287469904876426));
#2896=CARTESIAN_POINT('',(-0.002025,0.00225,0.0278809650838583));
#2897=CARTESIAN_POINT('',(-0.002025,-0.0163095517063469,0.0397510277959356));
#2898=CARTESIAN_POINT('',(-0.002025,-0.00225,0.0316337418335908));
#2899=CARTESIAN_POINT('',(-0.002025,-0.0025,0.0312007291316986));
#2900=CARTESIAN_POINT('',(-0.002025,-0.00275,0.0307677164298063));
#2901=CARTESIAN_POINT('',(-0.002025,-0.0168095517063469,0.0388850023921511));
#2902=CARTESIAN_POINT('',(-0.002025,8.67361737988404E-19,0.065));
#2903=CARTESIAN_POINT('',(-0.002025,-0.0075,0.065));
#2904=CARTESIAN_POINT('',(-0.002025,8.67361737988404E-19,0.));
#2905=CARTESIAN_POINT('',(-0.002025,-0.0075,0.));
#2906=CARTESIAN_POINT('',(-0.002025,-0.0075,0.068));
#2907=CARTESIAN_POINT('',(-0.001525,-0.0075,0.068));
#2908=CARTESIAN_POINT('',(-0.001025,-0.0075,0.068));
#2909=CARTESIAN_POINT('',(-0.001025,-0.0075,0.065));
#2910=CARTESIAN_POINT('',(-0.001025,-0.0075,0.));
#2911=CARTESIAN_POINT('',(-0.001025,-0.0075,0.065));
#2912=CARTESIAN_POINT('',(-0.001525,-0.0075,0.));
#2913=CARTESIAN_POINT('',(-0.001025,-0.005975,0.068));
#2914=CARTESIAN_POINT('',(-0.001025,-0.00445,0.068));
#2915=CARTESIAN_POINT('',(-0.001025,-0.00445,0.065));
#2916=CARTESIAN_POINT('',(-0.001025,-0.00445,0.));
#2917=CARTESIAN_POINT('',(-0.001025,8.67361737988404E-19,0.065));
#2918=CARTESIAN_POINT('',(-0.001025,-0.005975,0.));
#2919=CARTESIAN_POINT('',(-8.67361737988404E-19,0.,0.068));
#2920=CARTESIAN_POINT('',(8.67361737988404E-19,0.00445,0.068));
#2921=CARTESIAN_POINT('',(0.001025,0.00445,0.068));
#2922=CARTESIAN_POINT('',(-0.001025,0.00445,0.068));
#2923=CARTESIAN_POINT('',(-0.001025,8.67361737988404E-19,0.068));
#2924=CARTESIAN_POINT('',(-0.001025,-0.00445,0.068));
#2925=CARTESIAN_POINT('',(-2.16840434497101E-19,-0.00445,0.068));
#2926=CARTESIAN_POINT('',(0.001025,-0.00445,0.068));
#2927=CARTESIAN_POINT('',(0.001025,-0.005975,0.068));
#2928=CARTESIAN_POINT('',(0.001025,-0.0075,0.068));
#2929=CARTESIAN_POINT('',(0.001525,-0.0075,0.068));
#2930=CARTESIAN_POINT('',(0.002025,-0.0075,0.068));
#2931=CARTESIAN_POINT('',(0.002025,0.,0.068));
#2932=CARTESIAN_POINT('',(0.002025,0.0075,0.068));
#2933=CARTESIAN_POINT('',(0.001525,0.0075,0.068));
#2934=CARTESIAN_POINT('',(0.001025,0.0075,0.068));
#2935=CARTESIAN_POINT('',(0.001025,0.005975,0.068));
#2936=CARTESIAN_POINT('',(0.001025,0.005975,0.068));
#2937=CARTESIAN_POINT('',(0.001025,0.005975,0.));
#2938=CARTESIAN_POINT('',(0.001025,0.00445,0.));
#2939=CARTESIAN_POINT('',(0.001025,0.0075,0.));
#2940=CARTESIAN_POINT('',(0.001025,0.00445,0.068));
#2941=CARTESIAN_POINT('',(0.001025,0.0075,0.068));
#2942=CARTESIAN_POINT('',(8.67361737988404E-19,0.00445,0.068));
#2943=CARTESIAN_POINT('',(8.67361737988404E-19,0.00445,0.));
#2944=CARTESIAN_POINT('',(-0.001025,0.00445,0.068));
#2945=CARTESIAN_POINT('',(-2.16840434497101E-19,-0.00445,0.068));
#2946=CARTESIAN_POINT('',(-2.16840434497101E-19,-0.00445,0.));
#2947=CARTESIAN_POINT('',(0.001025,-0.00445,0.));
#2948=CARTESIAN_POINT('',(0.001025,-0.00445,0.068));
#2949=CARTESIAN_POINT('',(-0.001025,-0.00445,0.068));
#2950=CARTESIAN_POINT('',(0.001025,-0.005975,0.068));
#2951=CARTESIAN_POINT('',(0.001025,-0.005975,0.));
#2952=CARTESIAN_POINT('',(0.001025,-0.0075,0.));
#2953=CARTESIAN_POINT('',(0.001025,-0.0075,0.068));
#2954=CARTESIAN_POINT('',(0.001525,-0.0075,0.068));
#2955=CARTESIAN_POINT('',(0.001525,-0.0075,0.));
#2956=CARTESIAN_POINT('',(0.002025,-0.0075,0.));
#2957=CARTESIAN_POINT('',(0.002025,-0.0075,0.068));
#2958=CARTESIAN_POINT('',(0.002025,0.,0.068));
#2959=CARTESIAN_POINT('',(0.002025,0.0025,0.0283139777857504));
#2960=CARTESIAN_POINT('',(0.002025,0.00275,0.0287469904876426));
#2961=CARTESIAN_POINT('',(0.002025,0.00225,0.0278809650838582));
#2962=CARTESIAN_POINT('',(0.002025,-0.00025,0.0293243407568323));
#2963=CARTESIAN_POINT('',(0.002025,-0.00275,0.0307677164298063));
#2964=CARTESIAN_POINT('',(0.002025,-0.0025,0.0312007291316986));
#2965=CARTESIAN_POINT('',(0.002025,-0.00225,0.0316337418335908));
#2966=CARTESIAN_POINT('',(0.002025,0.00025,0.0301903661606168));
#2967=CARTESIAN_POINT('',(0.002025,0.0025,0.0253139777857504));
#2968=CARTESIAN_POINT('',(0.002025,0.00275,0.0257469904876426));
#2969=CARTESIAN_POINT('',(0.002025,0.00225,0.0248809650838582));
#2970=CARTESIAN_POINT('',(0.002025,-0.00025,0.0263243407568323));
#2971=CARTESIAN_POINT('',(0.002025,-0.00275,0.0277677164298063));
#2972=CARTESIAN_POINT('',(0.002025,-0.0025,0.0282007291316986));
#2973=CARTESIAN_POINT('',(0.002025,-0.00225,0.0286337418335908));
#2974=CARTESIAN_POINT('',(0.002025,0.00025,0.0271903661606167));
#2975=CARTESIAN_POINT('',(0.002025,0.0025,0.0343139777857505));
#2976=CARTESIAN_POINT('',(0.002025,0.00275,0.0347469904876427));
#2977=CARTESIAN_POINT('',(0.002025,0.00225,0.0338809650838582));
#2978=CARTESIAN_POINT('',(0.002025,-0.00025,0.0353243407568323));
#2979=CARTESIAN_POINT('',(0.002025,-0.00275,0.0367677164298064));
#2980=CARTESIAN_POINT('',(0.002025,-0.0025,0.0372007291316986));
#2981=CARTESIAN_POINT('',(0.002025,-0.00225,0.0376337418335909));
#2982=CARTESIAN_POINT('',(0.002025,0.00025,0.0361903661606168));
#2983=CARTESIAN_POINT('',(0.002025,0.0025,0.0313139777857505));
#2984=CARTESIAN_POINT('',(0.002025,0.00275,0.0317469904876427));
#2985=CARTESIAN_POINT('',(0.002025,0.00225,0.0308809650838582));
#2986=CARTESIAN_POINT('',(0.002025,-0.000250000000000004,0.0323243407568323));
#2987=CARTESIAN_POINT('',(0.002025,-0.00275,0.0337677164298064));
#2988=CARTESIAN_POINT('',(0.002025,-0.0025,0.0342007291316986));
#2989=CARTESIAN_POINT('',(0.002025,-0.00225,0.0346337418335908));
#2990=CARTESIAN_POINT('',(0.002025,0.00025,0.0331903661606167));
#2991=CARTESIAN_POINT('',(0.002025,0.0025,0.0163139777857504));
#2992=CARTESIAN_POINT('',(0.002025,0.00275,0.0167469904876427));
#2993=CARTESIAN_POINT('',(0.002025,0.00225,0.0158809650838582));
#2994=CARTESIAN_POINT('',(0.002025,-0.00025,0.0173243407568323));
#2995=CARTESIAN_POINT('',(0.002025,-0.00275,0.0187677164298064));
#2996=CARTESIAN_POINT('',(0.002025,-0.0025,0.0192007291316986));
#2997=CARTESIAN_POINT('',(0.002025,-0.00225,0.0196337418335908));
#2998=CARTESIAN_POINT('',(0.002025,0.00025,0.0181903661606167));
#2999=CARTESIAN_POINT('',(0.002025,0.0025,0.0133139777857504));
#3000=CARTESIAN_POINT('',(0.002025,0.00275,0.0137469904876426));
#3001=CARTESIAN_POINT('',(0.002025,0.00225,0.0128809650838582));
#3002=CARTESIAN_POINT('',(0.002025,-0.00025,0.0143243407568323));
#3003=CARTESIAN_POINT('',(0.002025,-0.00275,0.0157677164298064));
#3004=CARTESIAN_POINT('',(0.002025,-0.0025,0.0162007291316986));
#3005=CARTESIAN_POINT('',(0.002025,-0.00225,0.0166337418335908));
#3006=CARTESIAN_POINT('',(0.002025,0.00025,0.0151903661606167));
#3007=CARTESIAN_POINT('',(0.002025,0.0025,0.0223139777857504));
#3008=CARTESIAN_POINT('',(0.002025,0.00275,0.0227469904876427));
#3009=CARTESIAN_POINT('',(0.002025,0.00225,0.0218809650838582));
#3010=CARTESIAN_POINT('',(0.002025,-0.00025,0.0233243407568323));
#3011=CARTESIAN_POINT('',(0.002025,-0.00275,0.0247677164298063));
#3012=CARTESIAN_POINT('',(0.002025,-0.0025,0.0252007291316986));
#3013=CARTESIAN_POINT('',(0.002025,-0.00225,0.0256337418335908));
#3014=CARTESIAN_POINT('',(0.002025,0.00025,0.0241903661606168));
#3015=CARTESIAN_POINT('',(0.002025,0.0025,0.0193139777857505));
#3016=CARTESIAN_POINT('',(0.002025,0.00275,0.0197469904876427));
#3017=CARTESIAN_POINT('',(0.002025,0.00225,0.0188809650838582));
#3018=CARTESIAN_POINT('',(0.002025,-0.00025,0.0203243407568323));
#3019=CARTESIAN_POINT('',(0.002025,-0.00275,0.0217677164298063));
#3020=CARTESIAN_POINT('',(0.002025,-0.0025,0.0222007291316986));
#3021=CARTESIAN_POINT('',(0.002025,-0.00225,0.0226337418335908));
#3022=CARTESIAN_POINT('',(0.002025,0.00025,0.0211903661606167));
#3023=CARTESIAN_POINT('',(0.002025,0.0025,0.0523139777857505));
#3024=CARTESIAN_POINT('',(0.002025,0.00275,0.0527469904876427));
#3025=CARTESIAN_POINT('',(0.002025,0.00225,0.0518809650838583));
#3026=CARTESIAN_POINT('',(0.002025,-0.00025,0.0533243407568323));
#3027=CARTESIAN_POINT('',(0.002025,-0.00275,0.0547677164298064));
#3028=CARTESIAN_POINT('',(0.002025,-0.0025,0.0552007291316986));
#3029=CARTESIAN_POINT('',(0.002025,-0.00225,0.0556337418335908));
#3030=CARTESIAN_POINT('',(0.002025,0.00025,0.0541903661606168));
#3031=CARTESIAN_POINT('',(0.002025,0.0025,0.0493139777857505));
#3032=CARTESIAN_POINT('',(0.002025,0.00275,0.0497469904876427));
#3033=CARTESIAN_POINT('',(0.002025,0.00225,0.0488809650838583));
#3034=CARTESIAN_POINT('',(0.002025,-0.000250000000000004,0.0503243407568323));
#3035=CARTESIAN_POINT('',(0.002025,-0.00275,0.0517677164298064));
#3036=CARTESIAN_POINT('',(0.002025,-0.0025,0.0522007291316986));
#3037=CARTESIAN_POINT('',(0.002025,-0.00225,0.0526337418335908));
#3038=CARTESIAN_POINT('',(0.002025,0.00025,0.0511903661606168));
#3039=CARTESIAN_POINT('',(0.002025,0.0025,0.0579177504981655));
#3040=CARTESIAN_POINT('',(0.002025,0.00275,0.0583507632000577));
#3041=CARTESIAN_POINT('',(0.002025,0.00225,0.0574847377962733));
#3042=CARTESIAN_POINT('',(0.002025,-0.000249999999999991,0.0589281134692473));
#3043=CARTESIAN_POINT('',(0.002025,-0.00275,0.0603714891422214));
#3044=CARTESIAN_POINT('',(0.002025,-0.0025,0.0608045018441136));
#3045=CARTESIAN_POINT('',(0.002025,-0.00225,0.0612375145460058));
#3046=CARTESIAN_POINT('',(0.002025,0.000250000000000011,0.0597941388730318));
#3047=CARTESIAN_POINT('',(0.002025,0.0025,0.0553139777857505));
#3048=CARTESIAN_POINT('',(0.002025,0.00275,0.0557469904876427));
#3049=CARTESIAN_POINT('',(0.002025,0.00225,0.0548809650838583));
#3050=CARTESIAN_POINT('',(0.002025,-0.00025,0.0563243407568323));
#3051=CARTESIAN_POINT('',(0.002025,-0.00275,0.0577677164298064));
#3052=CARTESIAN_POINT('',(0.002025,-0.0025,0.0582007291316986));
#3053=CARTESIAN_POINT('',(0.002025,-0.00225,0.0586337418335908));
#3054=CARTESIAN_POINT('',(0.002025,0.000249999999999993,0.0571903661606168));
#3055=CARTESIAN_POINT('',(0.002025,0.0025,0.0403139777857505));
#3056=CARTESIAN_POINT('',(0.002025,0.00275,0.0407469904876427));
#3057=CARTESIAN_POINT('',(0.002025,0.00225,0.0398809650838582));
#3058=CARTESIAN_POINT('',(0.002025,-0.00025,0.0413243407568323));
#3059=CARTESIAN_POINT('',(0.002025,-0.00275,0.0427677164298064));
#3060=CARTESIAN_POINT('',(0.002025,-0.0025,0.0432007291316986));
#3061=CARTESIAN_POINT('',(0.002025,-0.00225,0.0436337418335909));
#3062=CARTESIAN_POINT('',(0.002025,0.00025,0.0421903661606167));
#3063=CARTESIAN_POINT('',(0.002025,0.0025,0.0373139777857505));
#3064=CARTESIAN_POINT('',(0.002025,0.00275,0.0377469904876427));
#3065=CARTESIAN_POINT('',(0.002025,0.00225,0.0368809650838582));
#3066=CARTESIAN_POINT('',(0.002025,-0.00025,0.0383243407568324));
#3067=CARTESIAN_POINT('',(0.002025,-0.00275,0.0397677164298064));
#3068=CARTESIAN_POINT('',(0.002025,-0.0025,0.0402007291316986));
#3069=CARTESIAN_POINT('',(0.002025,-0.00225,0.0406337418335909));
#3070=CARTESIAN_POINT('',(0.002025,0.00025,0.0391903661606167));
#3071=CARTESIAN_POINT('',(0.002025,0.0025,0.0463139777857505));
#3072=CARTESIAN_POINT('',(0.002025,0.00275,0.0467469904876427));
#3073=CARTESIAN_POINT('',(0.002025,0.00225,0.0458809650838583));
#3074=CARTESIAN_POINT('',(0.002025,-0.00025,0.0473243407568323));
#3075=CARTESIAN_POINT('',(0.002025,-0.00275,0.0487677164298064));
#3076=CARTESIAN_POINT('',(0.002025,-0.0025,0.0492007291316986));
#3077=CARTESIAN_POINT('',(0.002025,-0.00225,0.0496337418335908));
#3078=CARTESIAN_POINT('',(0.002025,0.00025,0.0481903661606168));
#3079=CARTESIAN_POINT('',(0.002025,0.0025,0.0433139777857505));
#3080=CARTESIAN_POINT('',(0.002025,0.00275,0.0437469904876427));
#3081=CARTESIAN_POINT('',(0.002025,0.00225,0.0428809650838582));
#3082=CARTESIAN_POINT('',(0.002025,-0.000250000000000005,0.0443243407568324));
#3083=CARTESIAN_POINT('',(0.002025,-0.00275,0.0457677164298064));
#3084=CARTESIAN_POINT('',(0.002025,-0.0025,0.0462007291316986));
#3085=CARTESIAN_POINT('',(0.002025,-0.00225,0.0466337418335908));
#3086=CARTESIAN_POINT('',(0.002025,0.00025,0.0451903661606168));
#3087=CARTESIAN_POINT('',(0.002025,0.0025,0.00419549815588639));
#3088=CARTESIAN_POINT('',(0.002025,0.00275,0.00462851085777861));
#3089=CARTESIAN_POINT('',(0.002025,0.00225,0.00376248545399418));
#3090=CARTESIAN_POINT('',(0.002025,-0.00025,0.00520586112696824));
#3091=CARTESIAN_POINT('',(0.002025,-0.00275,0.00664923679994231));
#3092=CARTESIAN_POINT('',(0.002025,-0.0025,0.00708224950183453));
#3093=CARTESIAN_POINT('',(0.002025,-0.00225,0.00751526220372675));
#3094=CARTESIAN_POINT('',(0.002025,0.00025,0.00607188653075268));
#3095=CARTESIAN_POINT('',(0.002025,0.0025,0.0103139777857504));
#3096=CARTESIAN_POINT('',(0.002025,0.00275,0.0107469904876426));
#3097=CARTESIAN_POINT('',(0.002025,0.00225,0.0098809650838582));
#3098=CARTESIAN_POINT('',(0.002025,-0.00025,0.0113243407568323));
#3099=CARTESIAN_POINT('',(0.002025,-0.00275,0.0127677164298063));
#3100=CARTESIAN_POINT('',(0.002025,-0.0025,0.0132007291316986));
#3101=CARTESIAN_POINT('',(0.002025,-0.00225,0.0136337418335908));
#3102=CARTESIAN_POINT('',(0.002025,0.00025,0.0121903661606167));
#3103=CARTESIAN_POINT('',(0.002025,0.0025,0.00731397778575042));
#3104=CARTESIAN_POINT('',(0.002025,0.00275,0.00774699048764264));
#3105=CARTESIAN_POINT('',(0.002025,0.00225,0.0068809650838582));
#3106=CARTESIAN_POINT('',(0.002025,-0.00025,0.00832434075683227));
#3107=CARTESIAN_POINT('',(0.002025,-0.00275,0.00976771642980633));
#3108=CARTESIAN_POINT('',(0.002025,-0.0025,0.0102007291316986));
#3109=CARTESIAN_POINT('',(0.002025,-0.00225,0.0106337418335908));
#3110=CARTESIAN_POINT('',(0.002025,0.00025,0.00919036616061671));
#3111=CARTESIAN_POINT('',(0.002025,0.000249999999999996,0.0627941388730318));
#3112=CARTESIAN_POINT('',(0.002025,-0.00225,0.0642375145460058));
#3113=CARTESIAN_POINT('',(0.002025,0.00275,0.0613507632000577));
#3114=CARTESIAN_POINT('',(0.002025,0.0025,0.0609177504981655));
#3115=CARTESIAN_POINT('',(0.002025,0.00225,0.0604847377962733));
#3116=CARTESIAN_POINT('',(0.002025,-0.000250000000000005,0.0619281134692473));
#3117=CARTESIAN_POINT('',(0.002025,-0.00275,0.0633714891422214));
#3118=CARTESIAN_POINT('',(0.002025,-0.0025,0.0638045018441136));
#3119=CARTESIAN_POINT('',(0.002025,0.,0.));
#3120=CARTESIAN_POINT('',(0.002025,0.0075,0.));
#3121=CARTESIAN_POINT('',(0.002025,0.0075,0.068));
#3122=CARTESIAN_POINT('',(0.001525,0.0075,0.068));
#3123=CARTESIAN_POINT('',(0.001525,0.0075,0.));
#3124=CARTESIAN_POINT('',(-8.67361737988404E-19,0.,0.));
#3125=CARTESIAN_POINT('',(-0.022975,0.000249999999999996,0.0627941388730318));
#3126=CARTESIAN_POINT('',(-0.022975,0.00275,0.0613507632000577));
#3127=CARTESIAN_POINT('',(-0.022975,-0.00225,0.0642375145460058));
#3128=CARTESIAN_POINT('',(-0.022975,-0.0025,0.0638045018441136));
#3129=CARTESIAN_POINT('',(-0.022975,-0.00275,0.0633714891422214));
#3130=CARTESIAN_POINT('',(-0.022975,-0.000250000000000005,0.0619281134692473));
#3131=CARTESIAN_POINT('',(-0.022975,0.00225,0.0604847377962733));
#3132=CARTESIAN_POINT('',(-0.022975,0.0025,0.0609177504981655));
#3133=CARTESIAN_POINT('',(-0.022975,0.0025,0.00731397778575042));
#3134=CARTESIAN_POINT('',(-0.022975,0.00225,0.0068809650838582));
#3135=CARTESIAN_POINT('',(-0.022975,0.00275,0.00774699048764264));
#3136=CARTESIAN_POINT('',(-0.022975,0.00025,0.00919036616061671));
#3137=CARTESIAN_POINT('',(-0.022975,-0.00225,0.0106337418335908));
#3138=CARTESIAN_POINT('',(-0.022975,-0.0025,0.0102007291316986));
#3139=CARTESIAN_POINT('',(-0.022975,-0.00275,0.00976771642980634));
#3140=CARTESIAN_POINT('',(-0.022975,-0.00025,0.00832434075683227));
#3141=CARTESIAN_POINT('',(-0.022975,0.0025,0.0103139777857504));
#3142=CARTESIAN_POINT('',(-0.022975,0.00225,0.0098809650838582));
#3143=CARTESIAN_POINT('',(-0.022975,0.00275,0.0107469904876426));
#3144=CARTESIAN_POINT('',(-0.022975,0.00025,0.0121903661606167));
#3145=CARTESIAN_POINT('',(-0.022975,-0.00225,0.0136337418335908));
#3146=CARTESIAN_POINT('',(-0.022975,-0.0025,0.0132007291316986));
#3147=CARTESIAN_POINT('',(-0.022975,-0.00275,0.0127677164298063));
#3148=CARTESIAN_POINT('',(-0.022975,-0.00025,0.0113243407568323));
#3149=CARTESIAN_POINT('',(-0.022975,0.0025,0.00419549815588639));
#3150=CARTESIAN_POINT('',(-0.022975,0.00225,0.00376248545399418));
#3151=CARTESIAN_POINT('',(-0.022975,0.00275,0.00462851085777861));
#3152=CARTESIAN_POINT('',(-0.022975,0.00025,0.00607188653075268));
#3153=CARTESIAN_POINT('',(-0.022975,-0.00225,0.00751526220372675));
#3154=CARTESIAN_POINT('',(-0.022975,-0.0025,0.00708224950183453));
#3155=CARTESIAN_POINT('',(-0.022975,-0.00275,0.00664923679994231));
#3156=CARTESIAN_POINT('',(-0.022975,-0.00025,0.00520586112696824));
#3157=CARTESIAN_POINT('',(-0.022975,0.0025,0.0433139777857505));
#3158=CARTESIAN_POINT('',(-0.022975,0.00225,0.0428809650838582));
#3159=CARTESIAN_POINT('',(-0.022975,0.00275,0.0437469904876427));
#3160=CARTESIAN_POINT('',(-0.022975,0.00025,0.0451903661606168));
#3161=CARTESIAN_POINT('',(-0.022975,-0.00225,0.0466337418335908));
#3162=CARTESIAN_POINT('',(-0.022975,-0.0025,0.0462007291316986));
#3163=CARTESIAN_POINT('',(-0.022975,-0.00275,0.0457677164298064));
#3164=CARTESIAN_POINT('',(-0.022975,-0.000250000000000005,0.0443243407568324));
#3165=CARTESIAN_POINT('',(-0.022975,0.0025,0.0463139777857505));
#3166=CARTESIAN_POINT('',(-0.022975,0.00225,0.0458809650838583));
#3167=CARTESIAN_POINT('',(-0.022975,0.00275,0.0467469904876427));
#3168=CARTESIAN_POINT('',(-0.022975,0.00025,0.0481903661606168));
#3169=CARTESIAN_POINT('',(-0.022975,-0.00225,0.0496337418335908));
#3170=CARTESIAN_POINT('',(-0.022975,-0.0025,0.0492007291316986));
#3171=CARTESIAN_POINT('',(-0.022975,-0.00275,0.0487677164298064));
#3172=CARTESIAN_POINT('',(-0.022975,-0.00025,0.0473243407568323));
#3173=CARTESIAN_POINT('',(-0.022975,0.0025,0.0373139777857505));
#3174=CARTESIAN_POINT('',(-0.022975,0.00225,0.0368809650838582));
#3175=CARTESIAN_POINT('',(-0.022975,0.00275,0.0377469904876427));
#3176=CARTESIAN_POINT('',(-0.022975,0.00025,0.0391903661606167));
#3177=CARTESIAN_POINT('',(-0.022975,-0.00225,0.0406337418335909));
#3178=CARTESIAN_POINT('',(-0.022975,-0.0025,0.0402007291316986));
#3179=CARTESIAN_POINT('',(-0.022975,-0.00275,0.0397677164298064));
#3180=CARTESIAN_POINT('',(-0.022975,-0.00025,0.0383243407568324));
#3181=CARTESIAN_POINT('',(-0.022975,0.0025,0.0403139777857505));
#3182=CARTESIAN_POINT('',(-0.022975,0.00225,0.0398809650838582));
#3183=CARTESIAN_POINT('',(-0.022975,0.00275,0.0407469904876427));
#3184=CARTESIAN_POINT('',(-0.022975,0.00025,0.0421903661606167));
#3185=CARTESIAN_POINT('',(-0.022975,-0.00225,0.0436337418335909));
#3186=CARTESIAN_POINT('',(-0.022975,-0.0025,0.0432007291316986));
#3187=CARTESIAN_POINT('',(-0.022975,-0.00275,0.0427677164298064));
#3188=CARTESIAN_POINT('',(-0.022975,-0.00025,0.0413243407568323));
#3189=CARTESIAN_POINT('',(-0.022975,0.0025,0.0553139777857505));
#3190=CARTESIAN_POINT('',(-0.022975,0.00225,0.0548809650838583));
#3191=CARTESIAN_POINT('',(-0.022975,0.00275,0.0557469904876427));
#3192=CARTESIAN_POINT('',(-0.022975,0.000249999999999993,0.0571903661606168));
#3193=CARTESIAN_POINT('',(-0.022975,-0.00225,0.0586337418335908));
#3194=CARTESIAN_POINT('',(-0.022975,-0.0025,0.0582007291316986));
#3195=CARTESIAN_POINT('',(-0.022975,-0.00275,0.0577677164298064));
#3196=CARTESIAN_POINT('',(-0.022975,-0.00025,0.0563243407568323));
#3197=CARTESIAN_POINT('',(-0.022975,0.0025,0.0579177504981655));
#3198=CARTESIAN_POINT('',(-0.022975,0.00225,0.0574847377962733));
#3199=CARTESIAN_POINT('',(-0.022975,0.00275,0.0583507632000577));
#3200=CARTESIAN_POINT('',(-0.022975,0.000250000000000011,0.0597941388730318));
#3201=CARTESIAN_POINT('',(-0.022975,-0.00225,0.0612375145460058));
#3202=CARTESIAN_POINT('',(-0.022975,-0.0025,0.0608045018441136));
#3203=CARTESIAN_POINT('',(-0.022975,-0.00275,0.0603714891422214));
#3204=CARTESIAN_POINT('',(-0.022975,-0.000249999999999991,0.0589281134692473));
#3205=CARTESIAN_POINT('',(-0.022975,0.0025,0.0493139777857505));
#3206=CARTESIAN_POINT('',(-0.022975,0.00225,0.0488809650838583));
#3207=CARTESIAN_POINT('',(-0.022975,0.00275,0.0497469904876427));
#3208=CARTESIAN_POINT('',(-0.022975,0.00025,0.0511903661606168));
#3209=CARTESIAN_POINT('',(-0.022975,-0.00225,0.0526337418335908));
#3210=CARTESIAN_POINT('',(-0.022975,-0.0025,0.0522007291316986));
#3211=CARTESIAN_POINT('',(-0.022975,-0.00275,0.0517677164298064));
#3212=CARTESIAN_POINT('',(-0.022975,-0.000250000000000004,0.0503243407568323));
#3213=CARTESIAN_POINT('',(-0.022975,0.0025,0.0523139777857505));
#3214=CARTESIAN_POINT('',(-0.022975,0.00225,0.0518809650838583));
#3215=CARTESIAN_POINT('',(-0.022975,0.00275,0.0527469904876427));
#3216=CARTESIAN_POINT('',(-0.022975,0.00025,0.0541903661606168));
#3217=CARTESIAN_POINT('',(-0.022975,-0.00225,0.0556337418335908));
#3218=CARTESIAN_POINT('',(-0.022975,-0.0025,0.0552007291316986));
#3219=CARTESIAN_POINT('',(-0.022975,-0.00275,0.0547677164298064));
#3220=CARTESIAN_POINT('',(-0.022975,-0.00025,0.0533243407568323));
#3221=CARTESIAN_POINT('',(-0.022975,0.0025,0.0193139777857505));
#3222=CARTESIAN_POINT('',(-0.022975,0.00225,0.0188809650838582));
#3223=CARTESIAN_POINT('',(-0.022975,0.00275,0.0197469904876427));
#3224=CARTESIAN_POINT('',(-0.022975,0.00025,0.0211903661606167));
#3225=CARTESIAN_POINT('',(-0.022975,-0.00225,0.0226337418335908));
#3226=CARTESIAN_POINT('',(-0.022975,-0.0025,0.0222007291316986));
#3227=CARTESIAN_POINT('',(-0.022975,-0.00275,0.0217677164298063));
#3228=CARTESIAN_POINT('',(-0.022975,-0.00025,0.0203243407568323));
#3229=CARTESIAN_POINT('',(-0.022975,0.0025,0.0223139777857504));
#3230=CARTESIAN_POINT('',(-0.022975,0.00225,0.0218809650838582));
#3231=CARTESIAN_POINT('',(-0.022975,0.00275,0.0227469904876427));
#3232=CARTESIAN_POINT('',(-0.022975,0.00025,0.0241903661606168));
#3233=CARTESIAN_POINT('',(-0.022975,-0.00225,0.0256337418335908));
#3234=CARTESIAN_POINT('',(-0.022975,-0.0025,0.0252007291316986));
#3235=CARTESIAN_POINT('',(-0.022975,-0.00275,0.0247677164298063));
#3236=CARTESIAN_POINT('',(-0.022975,-0.00025,0.0233243407568323));
#3237=CARTESIAN_POINT('',(-0.022975,0.0025,0.0133139777857504));
#3238=CARTESIAN_POINT('',(-0.022975,0.00225,0.0128809650838582));
#3239=CARTESIAN_POINT('',(-0.022975,0.00275,0.0137469904876426));
#3240=CARTESIAN_POINT('',(-0.022975,0.00025,0.0151903661606167));
#3241=CARTESIAN_POINT('',(-0.022975,-0.00225,0.0166337418335908));
#3242=CARTESIAN_POINT('',(-0.022975,-0.0025,0.0162007291316986));
#3243=CARTESIAN_POINT('',(-0.022975,-0.00275,0.0157677164298064));
#3244=CARTESIAN_POINT('',(-0.022975,-0.00025,0.0143243407568323));
#3245=CARTESIAN_POINT('',(-0.022975,0.0025,0.0163139777857504));
#3246=CARTESIAN_POINT('',(-0.022975,0.00225,0.0158809650838582));
#3247=CARTESIAN_POINT('',(-0.022975,0.00275,0.0167469904876427));
#3248=CARTESIAN_POINT('',(-0.022975,0.00025,0.0181903661606167));
#3249=CARTESIAN_POINT('',(-0.022975,-0.00225,0.0196337418335908));
#3250=CARTESIAN_POINT('',(-0.022975,-0.0025,0.0192007291316986));
#3251=CARTESIAN_POINT('',(-0.022975,-0.00275,0.0187677164298064));
#3252=CARTESIAN_POINT('',(-0.022975,-0.00025,0.0173243407568323));
#3253=CARTESIAN_POINT('',(-0.022975,0.0025,0.0313139777857505));
#3254=CARTESIAN_POINT('',(-0.022975,0.00225,0.0308809650838582));
#3255=CARTESIAN_POINT('',(-0.022975,0.00275,0.0317469904876427));
#3256=CARTESIAN_POINT('',(-0.022975,0.00025,0.0331903661606167));
#3257=CARTESIAN_POINT('',(-0.022975,-0.00225,0.0346337418335908));
#3258=CARTESIAN_POINT('',(-0.022975,-0.0025,0.0342007291316986));
#3259=CARTESIAN_POINT('',(-0.022975,-0.00275,0.0337677164298064));
#3260=CARTESIAN_POINT('',(-0.022975,-0.000250000000000004,0.0323243407568323));
#3261=CARTESIAN_POINT('',(-0.022975,0.0025,0.0343139777857505));
#3262=CARTESIAN_POINT('',(-0.022975,0.00225,0.0338809650838582));
#3263=CARTESIAN_POINT('',(-0.022975,0.00275,0.0347469904876427));
#3264=CARTESIAN_POINT('',(-0.022975,0.00025,0.0361903661606168));
#3265=CARTESIAN_POINT('',(-0.022975,-0.00225,0.0376337418335909));
#3266=CARTESIAN_POINT('',(-0.022975,-0.0025,0.0372007291316986));
#3267=CARTESIAN_POINT('',(-0.022975,-0.00275,0.0367677164298064));
#3268=CARTESIAN_POINT('',(-0.022975,-0.00025,0.0353243407568323));
#3269=CARTESIAN_POINT('',(-0.022975,0.0025,0.0253139777857504));
#3270=CARTESIAN_POINT('',(-0.022975,0.00225,0.0248809650838582));
#3271=CARTESIAN_POINT('',(-0.022975,0.00275,0.0257469904876426));
#3272=CARTESIAN_POINT('',(-0.022975,0.00025,0.0271903661606167));
#3273=CARTESIAN_POINT('',(-0.022975,-0.00225,0.0286337418335908));
#3274=CARTESIAN_POINT('',(-0.022975,-0.0025,0.0282007291316986));
#3275=CARTESIAN_POINT('',(-0.022975,-0.00275,0.0277677164298063));
#3276=CARTESIAN_POINT('',(-0.022975,-0.00025,0.0263243407568323));
#3277=CARTESIAN_POINT('',(-0.022975,0.0025,0.0283139777857504));
#3278=CARTESIAN_POINT('',(-0.022975,0.00225,0.0278809650838582));
#3279=CARTESIAN_POINT('',(-0.022975,0.00275,0.0287469904876426));
#3280=CARTESIAN_POINT('',(-0.022975,0.00025,0.0301903661606168));
#3281=CARTESIAN_POINT('',(-0.022975,-0.00225,0.0316337418335908));
#3282=CARTESIAN_POINT('',(-0.022975,-0.0025,0.0312007291316986));
#3283=CARTESIAN_POINT('',(-0.022975,-0.00275,0.0307677164298063));
#3284=CARTESIAN_POINT('',(-0.022975,-0.00025,0.0293243407568323));
#3285=CARTESIAN_POINT('',(-0.001025,0.,0.034));
#3286=CARTESIAN_POINT('',(-0.001025,8.67361737988404E-19,0.065));
#3287=CARTESIAN_POINT('',(-0.001025,8.67361737988404E-19,0.065));
#3288=MECHANICAL_DESIGN_GEOMETRIC_PRESENTATION_REPRESENTATION('',(#1983),
#3289);
#3289=(
GEOMETRIC_REPRESENTATION_CONTEXT(3)
GLOBAL_UNCERTAINTY_ASSIGNED_CONTEXT((#3290))
GLOBAL_UNIT_ASSIGNED_CONTEXT((#3293,#3292,#3291))
REPRESENTATION_CONTEXT('Part 1','TOP_LEVEL_ASSEMBLY_PART')
);
#3290=UNCERTAINTY_MEASURE_WITH_UNIT(LENGTH_MEASURE(1.E-8),#3293,
'DISTANCE_ACCURACY_VALUE','Maximum Tolerance applied to model');
#3291=(
NAMED_UNIT(*)
SI_UNIT($,.STERADIAN.)
SOLID_ANGLE_UNIT()
);
#3292=(
NAMED_UNIT(*)
PLANE_ANGLE_UNIT()
SI_UNIT($,.RADIAN.)
);
#3293=(
LENGTH_UNIT()
NAMED_UNIT(*)
SI_UNIT($,.METRE.)
);
#3294=PRODUCT_DEFINITION_SHAPE('','',#3295);
#3295=PRODUCT_DEFINITION('','',#3297,#3296);
#3296=PRODUCT_DEFINITION_CONTEXT('',#3303,'design');
#3297=PRODUCT_DEFINITION_FORMATION_WITH_SPECIFIED_SOURCE('','',#3299,
 .NOT_KNOWN.);
#3298=PRODUCT_RELATED_PRODUCT_CATEGORY('','',(#3299));
#3299=PRODUCT('Part 1','Part 1','Part 1',(#3301));
#3300=PRODUCT_CATEGORY('','');
#3301=PRODUCT_CONTEXT('',#3303,'mechanical');
#3302=APPLICATION_PROTOCOL_DEFINITION('international standard',
'ap242_managed_model_based_3d_engineering',2020,#3303);
#3303=APPLICATION_CONTEXT('managed model based 3d engineering');
ENDSEC;
END-ISO-10303-21;
