ISO-10303-21;
HEADER;
/* Generated by software containing ST-Developer
 * from STEP Tools, Inc. (www.steptools.com) 
 */
/* OPTION: using custom renumber hook */

FILE_DESCRIPTION(
/* description */ ('STEP AP242 Edition 2',
'CAx-IF Rec.Pracs.---Representation and Presentation of Product Manufa
cturing Information (PMI)---4.0---2014-10-13',
'CAx-IF Rec.Pracs.---3D Tessellated Geometry---0.4---2014-09-14','2;1',
'CAx-IF Rec.Pracs.---User Defined Attributes---1.5---2016-08-15'),
/* implementation_level */ '2;1');

FILE_NAME(
/* name */ 'Side 2',
/* time_stamp */ '2026-09-02T14:42:49Z',
/* author */ (''),
/* organization */ (''),
/* preprocessor_version */ 'ST-DEVELOPER v20',
/* originating_system */ 'ONSHAPE BY PTC INC, 1.220',
/* authorisation */ '  ');

FILE_SCHEMA (('AP242_MANAGED_MODEL_BASED_3D_ENGINEERING_MIM_LF { 1 0 10303 442 3 1 4 }'));
ENDSEC;

DATA;
#10=SHAPE_REPRESENTATION_RELATIONSHIP('','',#1623,#11);
#11=ADVANCED_BREP_SHAPE_REPRESENTATION('',(#1621),#2635);
#12=SPHERICAL_SURFACE('',#1734,0.002);
#13=SPHERICAL_SURFACE('',#1745,0.002);
#14=SPHERICAL_SURFACE('',#1747,0.002);
#15=SPHERICAL_SURFACE('',#1753,0.002);
#16=CYLINDRICAL_SURFACE('',#1640,0.00195);
#17=CYLINDRICAL_SURFACE('',#1682,0.0015);
#18=CYLINDRICAL_SURFACE('',#1683,0.0015);
#19=CYLINDRICAL_SURFACE('',#1684,0.0015);
#20=CYLINDRICAL_SURFACE('',#1686,0.0015);
#21=CYLINDRICAL_SURFACE('',#1688,0.002);
#22=CYLINDRICAL_SURFACE('',#1690,0.002);
#23=CYLINDRICAL_SURFACE('',#1692,0.002);
#24=CYLINDRICAL_SURFACE('',#1694,0.002);
#25=CYLINDRICAL_SURFACE('',#1699,0.00175);
#26=CYLINDRICAL_SURFACE('',#1700,0.001425);
#27=CYLINDRICAL_SURFACE('',#1701,0.001425);
#28=CYLINDRICAL_SURFACE('',#1702,0.005425);
#29=CYLINDRICAL_SURFACE('',#1703,0.00175);
#30=CYLINDRICAL_SURFACE('',#1708,0.005425);
#31=CYLINDRICAL_SURFACE('',#1732,0.002);
#32=CYLINDRICAL_SURFACE('',#1737,0.002);
#33=CYLINDRICAL_SURFACE('',#1739,0.002);
#34=CYLINDRICAL_SURFACE('',#1741,0.002);
#35=CYLINDRICAL_SURFACE('',#1743,0.002);
#36=CYLINDRICAL_SURFACE('',#1749,0.002);
#37=CYLINDRICAL_SURFACE('',#1751,0.002);
#38=CYLINDRICAL_SURFACE('',#1755,0.002);
#39=CIRCLE('',#1626,0.002);
#40=CIRCLE('',#1627,0.002);
#41=CIRCLE('',#1628,0.002);
#42=CIRCLE('',#1629,0.002);
#43=CIRCLE('',#1630,0.005425);
#44=CIRCLE('',#1631,0.00175);
#45=CIRCLE('',#1632,0.005425);
#46=CIRCLE('',#1633,0.001425);
#47=CIRCLE('',#1634,0.001425);
#48=CIRCLE('',#1635,0.00175);
#49=CIRCLE('',#1636,0.002);
#50=CIRCLE('',#1637,0.002);
#51=CIRCLE('',#1638,0.002);
#52=CIRCLE('',#1639,0.002);
#53=CIRCLE('',#1641,0.00195);
#54=CIRCLE('',#1642,0.00195);
#55=CIRCLE('',#1652,0.005425);
#56=CIRCLE('',#1653,0.00175);
#57=CIRCLE('',#1654,0.005425);
#58=CIRCLE('',#1655,0.001425);
#59=CIRCLE('',#1656,0.001425);
#60=CIRCLE('',#1657,0.00175);
#61=CIRCLE('',#1658,0.0015);
#62=CIRCLE('',#1659,0.0015);
#63=CIRCLE('',#1660,0.0015);
#64=CIRCLE('',#1661,0.0015);
#65=CIRCLE('',#1663,0.0015);
#66=CIRCLE('',#1664,0.0015);
#67=CIRCLE('',#1665,0.0015);
#68=CIRCLE('',#1666,0.0015);
#69=CIRCLE('',#1667,0.002);
#70=CIRCLE('',#1668,0.002);
#71=CIRCLE('',#1669,0.002);
#72=CIRCLE('',#1670,0.002);
#73=CIRCLE('',#1733,0.002);
#74=CIRCLE('',#1735,0.002);
#75=CIRCLE('',#1736,0.002);
#76=CIRCLE('',#1738,0.002);
#77=CIRCLE('',#1740,0.002);
#78=CIRCLE('',#1742,0.002);
#79=CIRCLE('',#1744,0.002);
#80=CIRCLE('',#1746,0.002);
#81=CIRCLE('',#1748,0.002);
#82=CIRCLE('',#1750,0.002);
#83=CIRCLE('',#1752,0.002);
#84=CIRCLE('',#1754,0.002);
#85=ORIENTED_EDGE('',*,*,#513,.F.);
#86=ORIENTED_EDGE('',*,*,#514,.T.);
#87=ORIENTED_EDGE('',*,*,#515,.T.);
#88=ORIENTED_EDGE('',*,*,#516,.T.);
#89=ORIENTED_EDGE('',*,*,#517,.T.);
#90=ORIENTED_EDGE('',*,*,#518,.T.);
#91=ORIENTED_EDGE('',*,*,#519,.F.);
#92=ORIENTED_EDGE('',*,*,#520,.T.);
#93=ORIENTED_EDGE('',*,*,#521,.F.);
#94=ORIENTED_EDGE('',*,*,#522,.T.);
#95=ORIENTED_EDGE('',*,*,#523,.T.);
#96=ORIENTED_EDGE('',*,*,#524,.F.);
#97=ORIENTED_EDGE('',*,*,#525,.F.);
#98=ORIENTED_EDGE('',*,*,#526,.T.);
#99=ORIENTED_EDGE('',*,*,#527,.T.);
#100=ORIENTED_EDGE('',*,*,#528,.F.);
#101=ORIENTED_EDGE('',*,*,#529,.F.);
#102=ORIENTED_EDGE('',*,*,#530,.T.);
#103=ORIENTED_EDGE('',*,*,#531,.T.);
#104=ORIENTED_EDGE('',*,*,#532,.F.);
#105=ORIENTED_EDGE('',*,*,#533,.F.);
#106=ORIENTED_EDGE('',*,*,#534,.F.);
#107=ORIENTED_EDGE('',*,*,#535,.F.);
#108=ORIENTED_EDGE('',*,*,#536,.F.);
#109=ORIENTED_EDGE('',*,*,#537,.F.);
#110=ORIENTED_EDGE('',*,*,#538,.F.);
#111=ORIENTED_EDGE('',*,*,#539,.F.);
#112=ORIENTED_EDGE('',*,*,#540,.T.);
#113=ORIENTED_EDGE('',*,*,#541,.F.);
#114=ORIENTED_EDGE('',*,*,#542,.T.);
#115=ORIENTED_EDGE('',*,*,#543,.T.);
#116=ORIENTED_EDGE('',*,*,#544,.T.);
#117=ORIENTED_EDGE('',*,*,#545,.T.);
#118=ORIENTED_EDGE('',*,*,#546,.T.);
#119=ORIENTED_EDGE('',*,*,#547,.T.);
#120=ORIENTED_EDGE('',*,*,#548,.T.);
#121=ORIENTED_EDGE('',*,*,#549,.F.);
#122=ORIENTED_EDGE('',*,*,#550,.F.);
#123=ORIENTED_EDGE('',*,*,#551,.F.);
#124=ORIENTED_EDGE('',*,*,#552,.T.);
#125=ORIENTED_EDGE('',*,*,#553,.T.);
#126=ORIENTED_EDGE('',*,*,#554,.F.);
#127=ORIENTED_EDGE('',*,*,#555,.T.);
#128=ORIENTED_EDGE('',*,*,#556,.F.);
#129=ORIENTED_EDGE('',*,*,#557,.F.);
#130=ORIENTED_EDGE('',*,*,#558,.T.);
#131=ORIENTED_EDGE('',*,*,#559,.T.);
#132=ORIENTED_EDGE('',*,*,#560,.F.);
#133=ORIENTED_EDGE('',*,*,#561,.F.);
#134=ORIENTED_EDGE('',*,*,#557,.T.);
#135=ORIENTED_EDGE('',*,*,#562,.T.);
#136=ORIENTED_EDGE('',*,*,#563,.F.);
#137=ORIENTED_EDGE('',*,*,#564,.F.);
#138=ORIENTED_EDGE('',*,*,#563,.T.);
#139=ORIENTED_EDGE('',*,*,#565,.T.);
#140=ORIENTED_EDGE('',*,*,#566,.F.);
#141=ORIENTED_EDGE('',*,*,#559,.F.);
#142=ORIENTED_EDGE('',*,*,#567,.T.);
#143=ORIENTED_EDGE('',*,*,#566,.T.);
#144=ORIENTED_EDGE('',*,*,#568,.F.);
#145=ORIENTED_EDGE('',*,*,#569,.F.);
#146=ORIENTED_EDGE('',*,*,#570,.T.);
#147=ORIENTED_EDGE('',*,*,#571,.T.);
#148=ORIENTED_EDGE('',*,*,#572,.F.);
#149=ORIENTED_EDGE('',*,*,#573,.F.);
#150=ORIENTED_EDGE('',*,*,#574,.T.);
#151=ORIENTED_EDGE('',*,*,#575,.T.);
#152=ORIENTED_EDGE('',*,*,#576,.F.);
#153=ORIENTED_EDGE('',*,*,#577,.F.);
#154=ORIENTED_EDGE('',*,*,#578,.T.);
#155=ORIENTED_EDGE('',*,*,#579,.T.);
#156=ORIENTED_EDGE('',*,*,#580,.F.);
#157=ORIENTED_EDGE('',*,*,#581,.F.);
#158=ORIENTED_EDGE('',*,*,#582,.T.);
#159=ORIENTED_EDGE('',*,*,#583,.T.);
#160=ORIENTED_EDGE('',*,*,#584,.F.);
#161=ORIENTED_EDGE('',*,*,#585,.F.);
#162=ORIENTED_EDGE('',*,*,#586,.F.);
#163=ORIENTED_EDGE('',*,*,#587,.F.);
#164=ORIENTED_EDGE('',*,*,#588,.F.);
#165=ORIENTED_EDGE('',*,*,#589,.F.);
#166=ORIENTED_EDGE('',*,*,#590,.F.);
#167=ORIENTED_EDGE('',*,*,#555,.F.);
#168=ORIENTED_EDGE('',*,*,#591,.F.);
#169=ORIENTED_EDGE('',*,*,#592,.T.);
#170=ORIENTED_EDGE('',*,*,#593,.F.);
#171=ORIENTED_EDGE('',*,*,#594,.T.);
#172=ORIENTED_EDGE('',*,*,#595,.T.);
#173=ORIENTED_EDGE('',*,*,#596,.F.);
#174=ORIENTED_EDGE('',*,*,#597,.T.);
#175=ORIENTED_EDGE('',*,*,#598,.T.);
#176=ORIENTED_EDGE('',*,*,#599,.F.);
#177=ORIENTED_EDGE('',*,*,#600,.F.);
#178=ORIENTED_EDGE('',*,*,#601,.T.);
#179=ORIENTED_EDGE('',*,*,#602,.F.);
#180=ORIENTED_EDGE('',*,*,#603,.F.);
#181=ORIENTED_EDGE('',*,*,#604,.F.);
#182=ORIENTED_EDGE('',*,*,#605,.T.);
#183=ORIENTED_EDGE('',*,*,#606,.T.);
#184=ORIENTED_EDGE('',*,*,#607,.F.);
#185=ORIENTED_EDGE('',*,*,#608,.T.);
#186=ORIENTED_EDGE('',*,*,#609,.T.);
#187=ORIENTED_EDGE('',*,*,#610,.F.);
#188=ORIENTED_EDGE('',*,*,#562,.F.);
#189=ORIENTED_EDGE('',*,*,#560,.T.);
#190=ORIENTED_EDGE('',*,*,#568,.T.);
#191=ORIENTED_EDGE('',*,*,#565,.F.);
#192=ORIENTED_EDGE('',*,*,#611,.F.);
#193=ORIENTED_EDGE('',*,*,#572,.T.);
#194=ORIENTED_EDGE('',*,*,#612,.T.);
#195=ORIENTED_EDGE('',*,*,#575,.F.);
#196=ORIENTED_EDGE('',*,*,#613,.F.);
#197=ORIENTED_EDGE('',*,*,#580,.T.);
#198=ORIENTED_EDGE('',*,*,#614,.T.);
#199=ORIENTED_EDGE('',*,*,#583,.F.);
#200=ORIENTED_EDGE('',*,*,#615,.T.);
#201=ORIENTED_EDGE('',*,*,#616,.T.);
#202=ORIENTED_EDGE('',*,*,#617,.F.);
#203=ORIENTED_EDGE('',*,*,#618,.T.);
#204=ORIENTED_EDGE('',*,*,#619,.T.);
#205=ORIENTED_EDGE('',*,*,#620,.F.);
#206=ORIENTED_EDGE('',*,*,#621,.F.);
#207=ORIENTED_EDGE('',*,*,#622,.T.);
#208=ORIENTED_EDGE('',*,*,#623,.F.);
#209=ORIENTED_EDGE('',*,*,#624,.F.);
#210=ORIENTED_EDGE('',*,*,#625,.T.);
#211=ORIENTED_EDGE('',*,*,#626,.F.);
#212=ORIENTED_EDGE('',*,*,#627,.T.);
#213=ORIENTED_EDGE('',*,*,#628,.T.);
#214=ORIENTED_EDGE('',*,*,#629,.F.);
#215=ORIENTED_EDGE('',*,*,#630,.F.);
#216=ORIENTED_EDGE('',*,*,#631,.F.);
#217=ORIENTED_EDGE('',*,*,#632,.T.);
#218=ORIENTED_EDGE('',*,*,#633,.F.);
#219=ORIENTED_EDGE('',*,*,#634,.F.);
#220=ORIENTED_EDGE('',*,*,#635,.F.);
#221=ORIENTED_EDGE('',*,*,#636,.F.);
#222=ORIENTED_EDGE('',*,*,#637,.F.);
#223=ORIENTED_EDGE('',*,*,#638,.T.);
#224=ORIENTED_EDGE('',*,*,#615,.F.);
#225=ORIENTED_EDGE('',*,*,#639,.F.);
#226=ORIENTED_EDGE('',*,*,#591,.T.);
#227=ORIENTED_EDGE('',*,*,#640,.T.);
#228=ORIENTED_EDGE('',*,*,#626,.T.);
#229=ORIENTED_EDGE('',*,*,#641,.F.);
#230=ORIENTED_EDGE('',*,*,#592,.F.);
#231=ORIENTED_EDGE('',*,*,#639,.T.);
#232=ORIENTED_EDGE('',*,*,#625,.F.);
#233=ORIENTED_EDGE('',*,*,#642,.F.);
#234=ORIENTED_EDGE('',*,*,#593,.T.);
#235=ORIENTED_EDGE('',*,*,#641,.T.);
#236=ORIENTED_EDGE('',*,*,#624,.T.);
#237=ORIENTED_EDGE('',*,*,#643,.F.);
#238=ORIENTED_EDGE('',*,*,#594,.F.);
#239=ORIENTED_EDGE('',*,*,#642,.T.);
#240=ORIENTED_EDGE('',*,*,#623,.T.);
#241=ORIENTED_EDGE('',*,*,#644,.F.);
#242=ORIENTED_EDGE('',*,*,#595,.F.);
#243=ORIENTED_EDGE('',*,*,#643,.T.);
#244=ORIENTED_EDGE('',*,*,#622,.F.);
#245=ORIENTED_EDGE('',*,*,#645,.F.);
#246=ORIENTED_EDGE('',*,*,#596,.T.);
#247=ORIENTED_EDGE('',*,*,#644,.T.);
#248=ORIENTED_EDGE('',*,*,#621,.T.);
#249=ORIENTED_EDGE('',*,*,#646,.F.);
#250=ORIENTED_EDGE('',*,*,#597,.F.);
#251=ORIENTED_EDGE('',*,*,#645,.T.);
#252=ORIENTED_EDGE('',*,*,#620,.T.);
#253=ORIENTED_EDGE('',*,*,#647,.F.);
#254=ORIENTED_EDGE('',*,*,#598,.F.);
#255=ORIENTED_EDGE('',*,*,#646,.T.);
#256=ORIENTED_EDGE('',*,*,#619,.F.);
#257=ORIENTED_EDGE('',*,*,#648,.F.);
#258=ORIENTED_EDGE('',*,*,#599,.T.);
#259=ORIENTED_EDGE('',*,*,#647,.T.);
#260=ORIENTED_EDGE('',*,*,#618,.F.);
#261=ORIENTED_EDGE('',*,*,#649,.F.);
#262=ORIENTED_EDGE('',*,*,#600,.T.);
#263=ORIENTED_EDGE('',*,*,#648,.T.);
#264=ORIENTED_EDGE('',*,*,#617,.T.);
#265=ORIENTED_EDGE('',*,*,#650,.F.);
#266=ORIENTED_EDGE('',*,*,#601,.F.);
#267=ORIENTED_EDGE('',*,*,#649,.T.);
#268=ORIENTED_EDGE('',*,*,#605,.F.);
#269=ORIENTED_EDGE('',*,*,#629,.T.);
#270=ORIENTED_EDGE('',*,*,#604,.T.);
#271=ORIENTED_EDGE('',*,*,#628,.F.);
#272=ORIENTED_EDGE('',*,*,#603,.T.);
#273=ORIENTED_EDGE('',*,*,#627,.F.);
#274=ORIENTED_EDGE('',*,*,#616,.F.);
#275=ORIENTED_EDGE('',*,*,#640,.F.);
#276=ORIENTED_EDGE('',*,*,#602,.T.);
#277=ORIENTED_EDGE('',*,*,#650,.T.);
#278=ORIENTED_EDGE('',*,*,#606,.F.);
#279=ORIENTED_EDGE('',*,*,#630,.T.);
#280=ORIENTED_EDGE('',*,*,#632,.F.);
#281=ORIENTED_EDGE('',*,*,#651,.F.);
#282=ORIENTED_EDGE('',*,*,#539,.T.);
#283=ORIENTED_EDGE('',*,*,#652,.T.);
#284=ORIENTED_EDGE('',*,*,#631,.T.);
#285=ORIENTED_EDGE('',*,*,#653,.F.);
#286=ORIENTED_EDGE('',*,*,#540,.F.);
#287=ORIENTED_EDGE('',*,*,#651,.T.);
#288=ORIENTED_EDGE('',*,*,#638,.F.);
#289=ORIENTED_EDGE('',*,*,#654,.F.);
#290=ORIENTED_EDGE('',*,*,#541,.T.);
#291=ORIENTED_EDGE('',*,*,#653,.T.);
#292=ORIENTED_EDGE('',*,*,#637,.T.);
#293=ORIENTED_EDGE('',*,*,#655,.F.);
#294=ORIENTED_EDGE('',*,*,#542,.F.);
#295=ORIENTED_EDGE('',*,*,#654,.T.);
#296=ORIENTED_EDGE('',*,*,#636,.T.);
#297=ORIENTED_EDGE('',*,*,#656,.F.);
#298=ORIENTED_EDGE('',*,*,#543,.F.);
#299=ORIENTED_EDGE('',*,*,#655,.T.);
#300=ORIENTED_EDGE('',*,*,#635,.T.);
#301=ORIENTED_EDGE('',*,*,#657,.F.);
#302=ORIENTED_EDGE('',*,*,#544,.F.);
#303=ORIENTED_EDGE('',*,*,#656,.T.);
#304=ORIENTED_EDGE('',*,*,#634,.T.);
#305=ORIENTED_EDGE('',*,*,#658,.F.);
#306=ORIENTED_EDGE('',*,*,#545,.F.);
#307=ORIENTED_EDGE('',*,*,#657,.T.);
#308=ORIENTED_EDGE('',*,*,#633,.T.);
#309=ORIENTED_EDGE('',*,*,#652,.F.);
#310=ORIENTED_EDGE('',*,*,#546,.F.);
#311=ORIENTED_EDGE('',*,*,#658,.T.);
#312=ORIENTED_EDGE('',*,*,#659,.T.);
#313=ORIENTED_EDGE('',*,*,#608,.F.);
#314=ORIENTED_EDGE('',*,*,#660,.F.);
#315=ORIENTED_EDGE('',*,*,#548,.F.);
#316=ORIENTED_EDGE('',*,*,#549,.T.);
#317=ORIENTED_EDGE('',*,*,#660,.T.);
#318=ORIENTED_EDGE('',*,*,#607,.T.);
#319=ORIENTED_EDGE('',*,*,#661,.F.);
#320=ORIENTED_EDGE('',*,*,#550,.T.);
#321=ORIENTED_EDGE('',*,*,#661,.T.);
#322=ORIENTED_EDGE('',*,*,#610,.T.);
#323=ORIENTED_EDGE('',*,*,#662,.F.);
#324=ORIENTED_EDGE('',*,*,#662,.T.);
#325=ORIENTED_EDGE('',*,*,#609,.F.);
#326=ORIENTED_EDGE('',*,*,#659,.F.);
#327=ORIENTED_EDGE('',*,*,#547,.F.);
#328=ORIENTED_EDGE('',*,*,#538,.T.);
#329=ORIENTED_EDGE('',*,*,#590,.T.);
#330=ORIENTED_EDGE('',*,*,#537,.T.);
#331=ORIENTED_EDGE('',*,*,#589,.T.);
#332=ORIENTED_EDGE('',*,*,#536,.T.);
#333=ORIENTED_EDGE('',*,*,#588,.T.);
#334=ORIENTED_EDGE('',*,*,#535,.T.);
#335=ORIENTED_EDGE('',*,*,#587,.T.);
#336=ORIENTED_EDGE('',*,*,#534,.T.);
#337=ORIENTED_EDGE('',*,*,#586,.T.);
#338=ORIENTED_EDGE('',*,*,#524,.T.);
#339=ORIENTED_EDGE('',*,*,#663,.F.);
#340=ORIENTED_EDGE('',*,*,#664,.T.);
#341=ORIENTED_EDGE('',*,*,#569,.T.);
#342=ORIENTED_EDGE('',*,*,#611,.T.);
#343=ORIENTED_EDGE('',*,*,#574,.F.);
#344=ORIENTED_EDGE('',*,*,#665,.T.);
#345=ORIENTED_EDGE('',*,*,#666,.T.);
#346=ORIENTED_EDGE('',*,*,#522,.F.);
#347=ORIENTED_EDGE('',*,*,#667,.F.);
#348=ORIENTED_EDGE('',*,*,#668,.F.);
#349=ORIENTED_EDGE('',*,*,#576,.T.);
#350=ORIENTED_EDGE('',*,*,#612,.F.);
#351=ORIENTED_EDGE('',*,*,#571,.F.);
#352=ORIENTED_EDGE('',*,*,#669,.F.);
#353=ORIENTED_EDGE('',*,*,#670,.T.);
#354=ORIENTED_EDGE('',*,*,#528,.T.);
#355=ORIENTED_EDGE('',*,*,#671,.F.);
#356=ORIENTED_EDGE('',*,*,#672,.T.);
#357=ORIENTED_EDGE('',*,*,#577,.T.);
#358=ORIENTED_EDGE('',*,*,#613,.T.);
#359=ORIENTED_EDGE('',*,*,#582,.F.);
#360=ORIENTED_EDGE('',*,*,#673,.T.);
#361=ORIENTED_EDGE('',*,*,#674,.T.);
#362=ORIENTED_EDGE('',*,*,#526,.F.);
#363=ORIENTED_EDGE('',*,*,#675,.F.);
#364=ORIENTED_EDGE('',*,*,#676,.F.);
#365=ORIENTED_EDGE('',*,*,#584,.T.);
#366=ORIENTED_EDGE('',*,*,#614,.F.);
#367=ORIENTED_EDGE('',*,*,#579,.F.);
#368=ORIENTED_EDGE('',*,*,#677,.F.);
#369=ORIENTED_EDGE('',*,*,#678,.T.);
#370=ORIENTED_EDGE('',*,*,#533,.T.);
#371=ORIENTED_EDGE('',*,*,#585,.T.);
#372=ORIENTED_EDGE('',*,*,#581,.T.);
#373=ORIENTED_EDGE('',*,*,#676,.T.);
#374=ORIENTED_EDGE('',*,*,#679,.T.);
#375=ORIENTED_EDGE('',*,*,#673,.F.);
#376=ORIENTED_EDGE('',*,*,#525,.T.);
#377=ORIENTED_EDGE('',*,*,#674,.F.);
#378=ORIENTED_EDGE('',*,*,#679,.F.);
#379=ORIENTED_EDGE('',*,*,#675,.T.);
#380=ORIENTED_EDGE('',*,*,#527,.F.);
#381=ORIENTED_EDGE('',*,*,#678,.F.);
#382=ORIENTED_EDGE('',*,*,#680,.T.);
#383=ORIENTED_EDGE('',*,*,#671,.T.);
#384=ORIENTED_EDGE('',*,*,#672,.F.);
#385=ORIENTED_EDGE('',*,*,#680,.F.);
#386=ORIENTED_EDGE('',*,*,#677,.T.);
#387=ORIENTED_EDGE('',*,*,#578,.F.);
#388=ORIENTED_EDGE('',*,*,#573,.T.);
#389=ORIENTED_EDGE('',*,*,#668,.T.);
#390=ORIENTED_EDGE('',*,*,#681,.T.);
#391=ORIENTED_EDGE('',*,*,#665,.F.);
#392=ORIENTED_EDGE('',*,*,#521,.T.);
#393=ORIENTED_EDGE('',*,*,#666,.F.);
#394=ORIENTED_EDGE('',*,*,#681,.F.);
#395=ORIENTED_EDGE('',*,*,#667,.T.);
#396=ORIENTED_EDGE('',*,*,#523,.F.);
#397=ORIENTED_EDGE('',*,*,#670,.F.);
#398=ORIENTED_EDGE('',*,*,#682,.T.);
#399=ORIENTED_EDGE('',*,*,#663,.T.);
#400=ORIENTED_EDGE('',*,*,#664,.F.);
#401=ORIENTED_EDGE('',*,*,#682,.F.);
#402=ORIENTED_EDGE('',*,*,#669,.T.);
#403=ORIENTED_EDGE('',*,*,#570,.F.);
#404=ORIENTED_EDGE('',*,*,#552,.F.);
#405=ORIENTED_EDGE('',*,*,#683,.F.);
#406=ORIENTED_EDGE('',*,*,#684,.T.);
#407=ORIENTED_EDGE('',*,*,#685,.T.);
#408=ORIENTED_EDGE('',*,*,#551,.T.);
#409=ORIENTED_EDGE('',*,*,#686,.F.);
#410=ORIENTED_EDGE('',*,*,#687,.F.);
#411=ORIENTED_EDGE('',*,*,#683,.T.);
#412=ORIENTED_EDGE('',*,*,#554,.T.);
#413=ORIENTED_EDGE('',*,*,#688,.F.);
#414=ORIENTED_EDGE('',*,*,#689,.F.);
#415=ORIENTED_EDGE('',*,*,#686,.T.);
#416=ORIENTED_EDGE('',*,*,#553,.F.);
#417=ORIENTED_EDGE('',*,*,#685,.F.);
#418=ORIENTED_EDGE('',*,*,#690,.T.);
#419=ORIENTED_EDGE('',*,*,#688,.T.);
#420=ORIENTED_EDGE('',*,*,#561,.T.);
#421=ORIENTED_EDGE('',*,*,#564,.T.);
#422=ORIENTED_EDGE('',*,*,#567,.F.);
#423=ORIENTED_EDGE('',*,*,#558,.F.);
#424=ORIENTED_EDGE('',*,*,#684,.F.);
#425=ORIENTED_EDGE('',*,*,#687,.T.);
#426=ORIENTED_EDGE('',*,*,#689,.T.);
#427=ORIENTED_EDGE('',*,*,#690,.F.);
#428=ORIENTED_EDGE('',*,*,#691,.F.);
#429=ORIENTED_EDGE('',*,*,#692,.T.);
#430=ORIENTED_EDGE('',*,*,#693,.T.);
#431=ORIENTED_EDGE('',*,*,#694,.F.);
#432=ORIENTED_EDGE('',*,*,#556,.T.);
#433=ORIENTED_EDGE('',*,*,#530,.F.);
#434=ORIENTED_EDGE('',*,*,#695,.F.);
#435=ORIENTED_EDGE('',*,*,#691,.T.);
#436=ORIENTED_EDGE('',*,*,#696,.T.);
#437=ORIENTED_EDGE('',*,*,#529,.T.);
#438=ORIENTED_EDGE('',*,*,#697,.F.);
#439=ORIENTED_EDGE('',*,*,#692,.F.);
#440=ORIENTED_EDGE('',*,*,#695,.T.);
#441=ORIENTED_EDGE('',*,*,#532,.T.);
#442=ORIENTED_EDGE('',*,*,#698,.F.);
#443=ORIENTED_EDGE('',*,*,#693,.F.);
#444=ORIENTED_EDGE('',*,*,#697,.T.);
#445=ORIENTED_EDGE('',*,*,#531,.F.);
#446=ORIENTED_EDGE('',*,*,#696,.F.);
#447=ORIENTED_EDGE('',*,*,#694,.T.);
#448=ORIENTED_EDGE('',*,*,#698,.T.);
#449=ORIENTED_EDGE('',*,*,#699,.T.);
#450=ORIENTED_EDGE('',*,*,#700,.T.);
#451=ORIENTED_EDGE('',*,*,#515,.F.);
#452=ORIENTED_EDGE('',*,*,#701,.T.);
#453=ORIENTED_EDGE('',*,*,#513,.T.);
#454=ORIENTED_EDGE('',*,*,#702,.T.);
#455=ORIENTED_EDGE('',*,*,#703,.T.);
#456=ORIENTED_EDGE('',*,*,#704,.T.);
#457=ORIENTED_EDGE('',*,*,#705,.T.);
#458=ORIENTED_EDGE('',*,*,#706,.T.);
#459=ORIENTED_EDGE('',*,*,#519,.T.);
#460=ORIENTED_EDGE('',*,*,#707,.T.);
#461=ORIENTED_EDGE('',*,*,#708,.T.);
#462=ORIENTED_EDGE('',*,*,#709,.T.);
#463=ORIENTED_EDGE('',*,*,#517,.F.);
#464=ORIENTED_EDGE('',*,*,#710,.T.);
#465=ORIENTED_EDGE('',*,*,#711,.T.);
#466=ORIENTED_EDGE('',*,*,#712,.T.);
#467=ORIENTED_EDGE('',*,*,#713,.T.);
#468=ORIENTED_EDGE('',*,*,#714,.T.);
#469=ORIENTED_EDGE('',*,*,#715,.F.);
#470=ORIENTED_EDGE('',*,*,#710,.F.);
#471=ORIENTED_EDGE('',*,*,#516,.F.);
#472=ORIENTED_EDGE('',*,*,#700,.F.);
#473=ORIENTED_EDGE('',*,*,#716,.F.);
#474=ORIENTED_EDGE('',*,*,#715,.T.);
#475=ORIENTED_EDGE('',*,*,#717,.F.);
#476=ORIENTED_EDGE('',*,*,#514,.F.);
#477=ORIENTED_EDGE('',*,*,#704,.F.);
#478=ORIENTED_EDGE('',*,*,#718,.F.);
#479=ORIENTED_EDGE('',*,*,#701,.F.);
#480=ORIENTED_EDGE('',*,*,#717,.T.);
#481=ORIENTED_EDGE('',*,*,#699,.F.);
#482=ORIENTED_EDGE('',*,*,#719,.F.);
#483=ORIENTED_EDGE('',*,*,#713,.F.);
#484=ORIENTED_EDGE('',*,*,#716,.T.);
#485=ORIENTED_EDGE('',*,*,#712,.F.);
#486=ORIENTED_EDGE('',*,*,#720,.F.);
#487=ORIENTED_EDGE('',*,*,#708,.F.);
#488=ORIENTED_EDGE('',*,*,#518,.F.);
#489=ORIENTED_EDGE('',*,*,#709,.F.);
#490=ORIENTED_EDGE('',*,*,#721,.F.);
#491=ORIENTED_EDGE('',*,*,#707,.F.);
#492=ORIENTED_EDGE('',*,*,#719,.T.);
#493=ORIENTED_EDGE('',*,*,#718,.T.);
#494=ORIENTED_EDGE('',*,*,#722,.F.);
#495=ORIENTED_EDGE('',*,*,#721,.T.);
#496=ORIENTED_EDGE('',*,*,#720,.T.);
#497=ORIENTED_EDGE('',*,*,#723,.F.);
#498=ORIENTED_EDGE('',*,*,#722,.T.);
#499=ORIENTED_EDGE('',*,*,#703,.F.);
#500=ORIENTED_EDGE('',*,*,#724,.F.);
#501=ORIENTED_EDGE('',*,*,#714,.F.);
#502=ORIENTED_EDGE('',*,*,#723,.T.);
#503=ORIENTED_EDGE('',*,*,#711,.F.);
#504=ORIENTED_EDGE('',*,*,#725,.F.);
#505=ORIENTED_EDGE('',*,*,#705,.F.);
#506=ORIENTED_EDGE('',*,*,#725,.T.);
#507=ORIENTED_EDGE('',*,*,#724,.T.);
#508=ORIENTED_EDGE('',*,*,#726,.F.);
#509=ORIENTED_EDGE('',*,*,#726,.T.);
#510=ORIENTED_EDGE('',*,*,#702,.F.);
#511=ORIENTED_EDGE('',*,*,#520,.F.);
#512=ORIENTED_EDGE('',*,*,#706,.F.);
#513=EDGE_CURVE('',#727,#728,#873,.T.);
#514=EDGE_CURVE('',#727,#729,#39,.F.);
#515=EDGE_CURVE('',#729,#730,#874,.T.);
#516=EDGE_CURVE('',#730,#731,#40,.F.);
#517=EDGE_CURVE('',#731,#732,#875,.T.);
#518=EDGE_CURVE('',#732,#733,#41,.F.);
#519=EDGE_CURVE('',#734,#733,#876,.T.);
#520=EDGE_CURVE('',#734,#728,#42,.F.);
#521=EDGE_CURVE('',#735,#736,#877,.T.);
#522=EDGE_CURVE('',#735,#737,#878,.T.);
#523=EDGE_CURVE('',#737,#738,#879,.T.);
#524=EDGE_CURVE('',#736,#738,#880,.T.);
#525=EDGE_CURVE('',#739,#740,#881,.T.);
#526=EDGE_CURVE('',#739,#741,#882,.T.);
#527=EDGE_CURVE('',#741,#742,#883,.T.);
#528=EDGE_CURVE('',#740,#742,#884,.T.);
#529=EDGE_CURVE('',#743,#744,#885,.T.);
#530=EDGE_CURVE('',#743,#745,#886,.T.);
#531=EDGE_CURVE('',#745,#746,#887,.T.);
#532=EDGE_CURVE('',#744,#746,#888,.T.);
#533=EDGE_CURVE('',#747,#747,#43,.T.);
#534=EDGE_CURVE('',#748,#748,#44,.T.);
#535=EDGE_CURVE('',#749,#749,#45,.T.);
#536=EDGE_CURVE('',#750,#750,#46,.T.);
#537=EDGE_CURVE('',#751,#751,#47,.T.);
#538=EDGE_CURVE('',#752,#752,#48,.T.);
#539=EDGE_CURVE('',#753,#754,#889,.T.);
#540=EDGE_CURVE('',#753,#755,#49,.T.);
#541=EDGE_CURVE('',#756,#755,#890,.T.);
#542=EDGE_CURVE('',#756,#757,#50,.T.);
#543=EDGE_CURVE('',#757,#758,#891,.T.);
#544=EDGE_CURVE('',#758,#759,#51,.T.);
#545=EDGE_CURVE('',#759,#760,#892,.T.);
#546=EDGE_CURVE('',#760,#754,#52,.T.);
#547=EDGE_CURVE('',#761,#762,#893,.T.);
#548=EDGE_CURVE('',#762,#763,#894,.T.);
#549=EDGE_CURVE('',#764,#763,#895,.T.);
#550=EDGE_CURVE('',#761,#764,#896,.T.);
#551=EDGE_CURVE('',#765,#766,#897,.T.);
#552=EDGE_CURVE('',#765,#767,#898,.T.);
#553=EDGE_CURVE('',#767,#768,#899,.T.);
#554=EDGE_CURVE('',#766,#768,#900,.T.);
#555=EDGE_CURVE('',#769,#769,#53,.T.);
#556=EDGE_CURVE('',#770,#770,#54,.F.);
#557=EDGE_CURVE('',#771,#772,#901,.T.);
#558=EDGE_CURVE('',#771,#773,#902,.T.);
#559=EDGE_CURVE('',#773,#774,#903,.T.);
#560=EDGE_CURVE('',#772,#774,#904,.T.);
#561=EDGE_CURVE('',#771,#775,#905,.T.);
#562=EDGE_CURVE('',#772,#776,#906,.T.);
#563=EDGE_CURVE('',#775,#776,#907,.T.);
#564=EDGE_CURVE('',#775,#777,#908,.T.);
#565=EDGE_CURVE('',#776,#778,#909,.T.);
#566=EDGE_CURVE('',#777,#778,#910,.T.);
#567=EDGE_CURVE('',#773,#777,#911,.T.);
#568=EDGE_CURVE('',#774,#778,#912,.T.);
#569=EDGE_CURVE('',#779,#780,#913,.T.);
#570=EDGE_CURVE('',#779,#781,#914,.T.);
#571=EDGE_CURVE('',#781,#782,#915,.T.);
#572=EDGE_CURVE('',#780,#782,#916,.T.);
#573=EDGE_CURVE('',#783,#784,#917,.T.);
#574=EDGE_CURVE('',#783,#785,#918,.T.);
#575=EDGE_CURVE('',#785,#786,#919,.T.);
#576=EDGE_CURVE('',#784,#786,#920,.T.);
#577=EDGE_CURVE('',#787,#788,#921,.T.);
#578=EDGE_CURVE('',#787,#789,#922,.T.);
#579=EDGE_CURVE('',#789,#790,#923,.T.);
#580=EDGE_CURVE('',#788,#790,#924,.T.);
#581=EDGE_CURVE('',#791,#792,#925,.T.);
#582=EDGE_CURVE('',#791,#793,#926,.T.);
#583=EDGE_CURVE('',#793,#794,#927,.T.);
#584=EDGE_CURVE('',#792,#794,#928,.T.);
#585=EDGE_CURVE('',#795,#795,#55,.T.);
#586=EDGE_CURVE('',#796,#796,#56,.T.);
#587=EDGE_CURVE('',#797,#797,#57,.T.);
#588=EDGE_CURVE('',#798,#798,#58,.T.);
#589=EDGE_CURVE('',#799,#799,#59,.T.);
#590=EDGE_CURVE('',#800,#800,#60,.T.);
#591=EDGE_CURVE('',#801,#802,#929,.T.);
#592=EDGE_CURVE('',#801,#803,#930,.T.);
#593=EDGE_CURVE('',#804,#803,#931,.T.);
#594=EDGE_CURVE('',#804,#805,#932,.T.);
#595=EDGE_CURVE('',#805,#806,#933,.T.);
#596=EDGE_CURVE('',#807,#806,#934,.T.);
#597=EDGE_CURVE('',#807,#808,#935,.T.);
#598=EDGE_CURVE('',#808,#809,#936,.T.);
#599=EDGE_CURVE('',#810,#809,#937,.T.);
#600=EDGE_CURVE('',#811,#810,#938,.T.);
#601=EDGE_CURVE('',#811,#812,#939,.T.);
#602=EDGE_CURVE('',#802,#812,#940,.T.);
#603=EDGE_CURVE('',#813,#813,#61,.T.);
#604=EDGE_CURVE('',#814,#814,#62,.T.);
#605=EDGE_CURVE('',#815,#815,#63,.T.);
#606=EDGE_CURVE('',#816,#816,#64,.T.);
#607=EDGE_CURVE('',#817,#818,#941,.T.);
#608=EDGE_CURVE('',#817,#819,#942,.T.);
#609=EDGE_CURVE('',#819,#820,#943,.T.);
#610=EDGE_CURVE('',#818,#820,#944,.T.);
#611=EDGE_CURVE('',#780,#785,#945,.T.);
#612=EDGE_CURVE('',#782,#786,#946,.T.);
#613=EDGE_CURVE('',#788,#793,#947,.T.);
#614=EDGE_CURVE('',#790,#794,#948,.T.);
#615=EDGE_CURVE('',#821,#822,#949,.T.);
#616=EDGE_CURVE('',#822,#823,#950,.T.);
#617=EDGE_CURVE('',#824,#823,#951,.T.);
#618=EDGE_CURVE('',#824,#825,#952,.T.);
#619=EDGE_CURVE('',#825,#826,#953,.T.);
#620=EDGE_CURVE('',#827,#826,#954,.T.);
#621=EDGE_CURVE('',#828,#827,#955,.T.);
#622=EDGE_CURVE('',#828,#829,#956,.T.);
#623=EDGE_CURVE('',#830,#829,#957,.T.);
#624=EDGE_CURVE('',#831,#830,#958,.T.);
#625=EDGE_CURVE('',#831,#832,#959,.T.);
#626=EDGE_CURVE('',#821,#832,#960,.T.);
#627=EDGE_CURVE('',#833,#833,#65,.T.);
#628=EDGE_CURVE('',#834,#834,#66,.T.);
#629=EDGE_CURVE('',#835,#835,#67,.T.);
#630=EDGE_CURVE('',#836,#836,#68,.T.);
#631=EDGE_CURVE('',#837,#838,#69,.T.);
#632=EDGE_CURVE('',#837,#839,#961,.T.);
#633=EDGE_CURVE('',#840,#839,#70,.T.);
#634=EDGE_CURVE('',#841,#840,#962,.T.);
#635=EDGE_CURVE('',#842,#841,#71,.T.);
#636=EDGE_CURVE('',#843,#842,#963,.T.);
#637=EDGE_CURVE('',#844,#843,#72,.T.);
#638=EDGE_CURVE('',#844,#838,#964,.T.);
#639=EDGE_CURVE('',#801,#821,#965,.T.);
#640=EDGE_CURVE('',#802,#822,#966,.T.);
#641=EDGE_CURVE('',#803,#832,#967,.T.);
#642=EDGE_CURVE('',#804,#831,#968,.T.);
#643=EDGE_CURVE('',#805,#830,#969,.T.);
#644=EDGE_CURVE('',#806,#829,#970,.T.);
#645=EDGE_CURVE('',#807,#828,#971,.T.);
#646=EDGE_CURVE('',#808,#827,#972,.T.);
#647=EDGE_CURVE('',#809,#826,#973,.T.);
#648=EDGE_CURVE('',#810,#825,#974,.T.);
#649=EDGE_CURVE('',#811,#824,#975,.T.);
#650=EDGE_CURVE('',#812,#823,#976,.T.);
#651=EDGE_CURVE('',#753,#837,#977,.T.);
#652=EDGE_CURVE('',#754,#839,#978,.T.);
#653=EDGE_CURVE('',#755,#838,#979,.T.);
#654=EDGE_CURVE('',#756,#844,#980,.T.);
#655=EDGE_CURVE('',#757,#843,#981,.T.);
#656=EDGE_CURVE('',#758,#842,#982,.T.);
#657=EDGE_CURVE('',#759,#841,#983,.T.);
#658=EDGE_CURVE('',#760,#840,#984,.T.);
#659=EDGE_CURVE('',#762,#819,#985,.T.);
#660=EDGE_CURVE('',#763,#817,#986,.T.);
#661=EDGE_CURVE('',#764,#818,#987,.T.);
#662=EDGE_CURVE('',#761,#820,#988,.T.);
#663=EDGE_CURVE('',#845,#738,#989,.T.);
#664=EDGE_CURVE('',#845,#779,#990,.T.);
#665=EDGE_CURVE('',#783,#846,#991,.T.);
#666=EDGE_CURVE('',#846,#736,#992,.T.);
#667=EDGE_CURVE('',#847,#735,#993,.T.);
#668=EDGE_CURVE('',#784,#847,#994,.T.);
#669=EDGE_CURVE('',#848,#781,#995,.T.);
#670=EDGE_CURVE('',#848,#737,#996,.T.);
#671=EDGE_CURVE('',#849,#742,#997,.T.);
#672=EDGE_CURVE('',#849,#787,#998,.T.);
#673=EDGE_CURVE('',#791,#850,#999,.T.);
#674=EDGE_CURVE('',#850,#740,#1000,.T.);
#675=EDGE_CURVE('',#851,#739,#1001,.T.);
#676=EDGE_CURVE('',#792,#851,#1002,.T.);
#677=EDGE_CURVE('',#852,#789,#1003,.T.);
#678=EDGE_CURVE('',#852,#741,#1004,.T.);
#679=EDGE_CURVE('',#851,#850,#1005,.T.);
#680=EDGE_CURVE('',#852,#849,#1006,.T.);
#681=EDGE_CURVE('',#847,#846,#1007,.T.);
#682=EDGE_CURVE('',#848,#845,#1008,.T.);
#683=EDGE_CURVE('',#853,#765,#1009,.T.);
#684=EDGE_CURVE('',#853,#854,#1010,.T.);
#685=EDGE_CURVE('',#854,#767,#1011,.T.);
#686=EDGE_CURVE('',#855,#766,#1012,.T.);
#687=EDGE_CURVE('',#853,#855,#1013,.T.);
#688=EDGE_CURVE('',#856,#768,#1014,.T.);
#689=EDGE_CURVE('',#855,#856,#1015,.T.);
#690=EDGE_CURVE('',#854,#856,#1016,.T.);
#691=EDGE_CURVE('',#857,#858,#1017,.T.);
#692=EDGE_CURVE('',#857,#859,#1018,.T.);
#693=EDGE_CURVE('',#859,#860,#1019,.T.);
#694=EDGE_CURVE('',#858,#860,#1020,.T.);
#695=EDGE_CURVE('',#857,#743,#1021,.T.);
#696=EDGE_CURVE('',#858,#745,#1022,.T.);
#697=EDGE_CURVE('',#859,#744,#1023,.T.);
#698=EDGE_CURVE('',#860,#746,#1024,.T.);
#699=EDGE_CURVE('',#861,#862,#1025,.T.);
#700=EDGE_CURVE('',#862,#730,#1026,.T.);
#701=EDGE_CURVE('',#729,#861,#1027,.F.);
#702=EDGE_CURVE('',#728,#863,#1028,.F.);
#703=EDGE_CURVE('',#863,#864,#1029,.F.);
#704=EDGE_CURVE('',#864,#727,#1030,.T.);
#705=EDGE_CURVE('',#865,#866,#1031,.F.);
#706=EDGE_CURVE('',#866,#734,#1032,.T.);
#707=EDGE_CURVE('',#733,#865,#1033,.F.);
#708=EDGE_CURVE('',#867,#868,#1034,.T.);
#709=EDGE_CURVE('',#868,#732,#1035,.T.);
#710=EDGE_CURVE('',#731,#867,#1036,.F.);
#711=EDGE_CURVE('',#869,#870,#1037,.T.);
#712=EDGE_CURVE('',#870,#871,#1038,.F.);
#713=EDGE_CURVE('',#871,#872,#1039,.F.);
#714=EDGE_CURVE('',#872,#869,#1040,.T.);
#715=EDGE_CURVE('',#867,#862,#73,.T.);
#716=EDGE_CURVE('',#867,#871,#74,.F.);
#717=EDGE_CURVE('',#871,#862,#75,.F.);
#718=EDGE_CURVE('',#861,#864,#76,.T.);
#719=EDGE_CURVE('',#872,#861,#77,.T.);
#720=EDGE_CURVE('',#868,#870,#78,.T.);
#721=EDGE_CURVE('',#865,#868,#79,.T.);
#722=EDGE_CURVE('',#872,#864,#80,.F.);
#723=EDGE_CURVE('',#865,#870,#81,.F.);
#724=EDGE_CURVE('',#869,#863,#82,.T.);
#725=EDGE_CURVE('',#866,#869,#83,.T.);
#726=EDGE_CURVE('',#866,#863,#84,.F.);
#727=VERTEX_POINT('',#2191);
#728=VERTEX_POINT('',#2192);
#729=VERTEX_POINT('',#2194);
#730=VERTEX_POINT('',#2196);
#731=VERTEX_POINT('',#2198);
#732=VERTEX_POINT('',#2200);
#733=VERTEX_POINT('',#2202);
#734=VERTEX_POINT('',#2204);
#735=VERTEX_POINT('',#2207);
#736=VERTEX_POINT('',#2208);
#737=VERTEX_POINT('',#2210);
#738=VERTEX_POINT('',#2212);
#739=VERTEX_POINT('',#2215);
#740=VERTEX_POINT('',#2216);
#741=VERTEX_POINT('',#2218);
#742=VERTEX_POINT('',#2220);
#743=VERTEX_POINT('',#2223);
#744=VERTEX_POINT('',#2224);
#745=VERTEX_POINT('',#2226);
#746=VERTEX_POINT('',#2228);
#747=VERTEX_POINT('',#2231);
#748=VERTEX_POINT('',#2233);
#749=VERTEX_POINT('',#2235);
#750=VERTEX_POINT('',#2237);
#751=VERTEX_POINT('',#2239);
#752=VERTEX_POINT('',#2241);
#753=VERTEX_POINT('',#2243);
#754=VERTEX_POINT('',#2244);
#755=VERTEX_POINT('',#2246);
#756=VERTEX_POINT('',#2248);
#757=VERTEX_POINT('',#2250);
#758=VERTEX_POINT('',#2252);
#759=VERTEX_POINT('',#2254);
#760=VERTEX_POINT('',#2256);
#761=VERTEX_POINT('',#2259);
#762=VERTEX_POINT('',#2260);
#763=VERTEX_POINT('',#2262);
#764=VERTEX_POINT('',#2264);
#765=VERTEX_POINT('',#2267);
#766=VERTEX_POINT('',#2268);
#767=VERTEX_POINT('',#2270);
#768=VERTEX_POINT('',#2272);
#769=VERTEX_POINT('',#2276);
#770=VERTEX_POINT('',#2278);
#771=VERTEX_POINT('',#2281);
#772=VERTEX_POINT('',#2282);
#773=VERTEX_POINT('',#2284);
#774=VERTEX_POINT('',#2286);
#775=VERTEX_POINT('',#2290);
#776=VERTEX_POINT('',#2292);
#777=VERTEX_POINT('',#2296);
#778=VERTEX_POINT('',#2298);
#779=VERTEX_POINT('',#2305);
#780=VERTEX_POINT('',#2306);
#781=VERTEX_POINT('',#2308);
#782=VERTEX_POINT('',#2310);
#783=VERTEX_POINT('',#2314);
#784=VERTEX_POINT('',#2315);
#785=VERTEX_POINT('',#2317);
#786=VERTEX_POINT('',#2319);
#787=VERTEX_POINT('',#2323);
#788=VERTEX_POINT('',#2324);
#789=VERTEX_POINT('',#2326);
#790=VERTEX_POINT('',#2328);
#791=VERTEX_POINT('',#2332);
#792=VERTEX_POINT('',#2333);
#793=VERTEX_POINT('',#2335);
#794=VERTEX_POINT('',#2337);
#795=VERTEX_POINT('',#2341);
#796=VERTEX_POINT('',#2343);
#797=VERTEX_POINT('',#2345);
#798=VERTEX_POINT('',#2347);
#799=VERTEX_POINT('',#2349);
#800=VERTEX_POINT('',#2351);
#801=VERTEX_POINT('',#2353);
#802=VERTEX_POINT('',#2354);
#803=VERTEX_POINT('',#2356);
#804=VERTEX_POINT('',#2358);
#805=VERTEX_POINT('',#2360);
#806=VERTEX_POINT('',#2362);
#807=VERTEX_POINT('',#2364);
#808=VERTEX_POINT('',#2366);
#809=VERTEX_POINT('',#2368);
#810=VERTEX_POINT('',#2370);
#811=VERTEX_POINT('',#2372);
#812=VERTEX_POINT('',#2374);
#813=VERTEX_POINT('',#2377);
#814=VERTEX_POINT('',#2379);
#815=VERTEX_POINT('',#2381);
#816=VERTEX_POINT('',#2383);
#817=VERTEX_POINT('',#2385);
#818=VERTEX_POINT('',#2386);
#819=VERTEX_POINT('',#2388);
#820=VERTEX_POINT('',#2390);
#821=VERTEX_POINT('',#2398);
#822=VERTEX_POINT('',#2399);
#823=VERTEX_POINT('',#2401);
#824=VERTEX_POINT('',#2403);
#825=VERTEX_POINT('',#2405);
#826=VERTEX_POINT('',#2407);
#827=VERTEX_POINT('',#2409);
#828=VERTEX_POINT('',#2411);
#829=VERTEX_POINT('',#2413);
#830=VERTEX_POINT('',#2415);
#831=VERTEX_POINT('',#2417);
#832=VERTEX_POINT('',#2419);
#833=VERTEX_POINT('',#2422);
#834=VERTEX_POINT('',#2424);
#835=VERTEX_POINT('',#2426);
#836=VERTEX_POINT('',#2428);
#837=VERTEX_POINT('',#2430);
#838=VERTEX_POINT('',#2431);
#839=VERTEX_POINT('',#2433);
#840=VERTEX_POINT('',#2435);
#841=VERTEX_POINT('',#2437);
#842=VERTEX_POINT('',#2439);
#843=VERTEX_POINT('',#2441);
#844=VERTEX_POINT('',#2443);
#845=VERTEX_POINT('',#2504);
#846=VERTEX_POINT('',#2507);
#847=VERTEX_POINT('',#2511);
#848=VERTEX_POINT('',#2514);
#849=VERTEX_POINT('',#2518);
#850=VERTEX_POINT('',#2521);
#851=VERTEX_POINT('',#2525);
#852=VERTEX_POINT('',#2528);
#853=VERTEX_POINT('',#2545);
#854=VERTEX_POINT('',#2547);
#855=VERTEX_POINT('',#2551);
#856=VERTEX_POINT('',#2555);
#857=VERTEX_POINT('',#2562);
#858=VERTEX_POINT('',#2563);
#859=VERTEX_POINT('',#2565);
#860=VERTEX_POINT('',#2567);
#861=VERTEX_POINT('',#2579);
#862=VERTEX_POINT('',#2580);
#863=VERTEX_POINT('',#2585);
#864=VERTEX_POINT('',#2587);
#865=VERTEX_POINT('',#2591);
#866=VERTEX_POINT('',#2592);
#867=VERTEX_POINT('',#2597);
#868=VERTEX_POINT('',#2598);
#869=VERTEX_POINT('',#2603);
#870=VERTEX_POINT('',#2604);
#871=VERTEX_POINT('',#2606);
#872=VERTEX_POINT('',#2608);
#873=LINE('',#2190,#1041);
#874=LINE('',#2195,#1042);
#875=LINE('',#2199,#1043);
#876=LINE('',#2203,#1044);
#877=LINE('',#2206,#1045);
#878=LINE('',#2209,#1046);
#879=LINE('',#2211,#1047);
#880=LINE('',#2213,#1048);
#881=LINE('',#2214,#1049);
#882=LINE('',#2217,#1050);
#883=LINE('',#2219,#1051);
#884=LINE('',#2221,#1052);
#885=LINE('',#2222,#1053);
#886=LINE('',#2225,#1054);
#887=LINE('',#2227,#1055);
#888=LINE('',#2229,#1056);
#889=LINE('',#2242,#1057);
#890=LINE('',#2247,#1058);
#891=LINE('',#2251,#1059);
#892=LINE('',#2255,#1060);
#893=LINE('',#2258,#1061);
#894=LINE('',#2261,#1062);
#895=LINE('',#2263,#1063);
#896=LINE('',#2265,#1064);
#897=LINE('',#2266,#1065);
#898=LINE('',#2269,#1066);
#899=LINE('',#2271,#1067);
#900=LINE('',#2273,#1068);
#901=LINE('',#2280,#1069);
#902=LINE('',#2283,#1070);
#903=LINE('',#2285,#1071);
#904=LINE('',#2287,#1072);
#905=LINE('',#2289,#1073);
#906=LINE('',#2291,#1074);
#907=LINE('',#2293,#1075);
#908=LINE('',#2295,#1076);
#909=LINE('',#2297,#1077);
#910=LINE('',#2299,#1078);
#911=LINE('',#2301,#1079);
#912=LINE('',#2302,#1080);
#913=LINE('',#2304,#1081);
#914=LINE('',#2307,#1082);
#915=LINE('',#2309,#1083);
#916=LINE('',#2311,#1084);
#917=LINE('',#2313,#1085);
#918=LINE('',#2316,#1086);
#919=LINE('',#2318,#1087);
#920=LINE('',#2320,#1088);
#921=LINE('',#2322,#1089);
#922=LINE('',#2325,#1090);
#923=LINE('',#2327,#1091);
#924=LINE('',#2329,#1092);
#925=LINE('',#2331,#1093);
#926=LINE('',#2334,#1094);
#927=LINE('',#2336,#1095);
#928=LINE('',#2338,#1096);
#929=LINE('',#2352,#1097);
#930=LINE('',#2355,#1098);
#931=LINE('',#2357,#1099);
#932=LINE('',#2359,#1100);
#933=LINE('',#2361,#1101);
#934=LINE('',#2363,#1102);
#935=LINE('',#2365,#1103);
#936=LINE('',#2367,#1104);
#937=LINE('',#2369,#1105);
#938=LINE('',#2371,#1106);
#939=LINE('',#2373,#1107);
#940=LINE('',#2375,#1108);
#941=LINE('',#2384,#1109);
#942=LINE('',#2387,#1110);
#943=LINE('',#2389,#1111);
#944=LINE('',#2391,#1112);
#945=LINE('',#2392,#1113);
#946=LINE('',#2393,#1114);
#947=LINE('',#2394,#1115);
#948=LINE('',#2395,#1116);
#949=LINE('',#2397,#1117);
#950=LINE('',#2400,#1118);
#951=LINE('',#2402,#1119);
#952=LINE('',#2404,#1120);
#953=LINE('',#2406,#1121);
#954=LINE('',#2408,#1122);
#955=LINE('',#2410,#1123);
#956=LINE('',#2412,#1124);
#957=LINE('',#2414,#1125);
#958=LINE('',#2416,#1126);
#959=LINE('',#2418,#1127);
#960=LINE('',#2420,#1128);
#961=LINE('',#2432,#1129);
#962=LINE('',#2436,#1130);
#963=LINE('',#2440,#1131);
#964=LINE('',#2444,#1132);
#965=LINE('',#2446,#1133);
#966=LINE('',#2447,#1134);
#967=LINE('',#2449,#1135);
#968=LINE('',#2451,#1136);
#969=LINE('',#2453,#1137);
#970=LINE('',#2455,#1138);
#971=LINE('',#2457,#1139);
#972=LINE('',#2459,#1140);
#973=LINE('',#2461,#1141);
#974=LINE('',#2463,#1142);
#975=LINE('',#2465,#1143);
#976=LINE('',#2467,#1144);
#977=LINE('',#2474,#1145);
#978=LINE('',#2475,#1146);
#979=LINE('',#2477,#1147);
#980=LINE('',#2479,#1148);
#981=LINE('',#2481,#1149);
#982=LINE('',#2483,#1150);
#983=LINE('',#2485,#1151);
#984=LINE('',#2487,#1152);
#985=LINE('',#2490,#1153);
#986=LINE('',#2491,#1154);
#987=LINE('',#2493,#1155);
#988=LINE('',#2495,#1156);
#989=LINE('',#2503,#1157);
#990=LINE('',#2505,#1158);
#991=LINE('',#2506,#1159);
#992=LINE('',#2508,#1160);
#993=LINE('',#2510,#1161);
#994=LINE('',#2512,#1162);
#995=LINE('',#2513,#1163);
#996=LINE('',#2515,#1164);
#997=LINE('',#2517,#1165);
#998=LINE('',#2519,#1166);
#999=LINE('',#2520,#1167);
#1000=LINE('',#2522,#1168);
#1001=LINE('',#2524,#1169);
#1002=LINE('',#2526,#1170);
#1003=LINE('',#2527,#1171);
#1004=LINE('',#2529,#1172);
#1005=LINE('',#2532,#1173);
#1006=LINE('',#2535,#1174);
#1007=LINE('',#2538,#1175);
#1008=LINE('',#2541,#1176);
#1009=LINE('',#2544,#1177);
#1010=LINE('',#2546,#1178);
#1011=LINE('',#2548,#1179);
#1012=LINE('',#2550,#1180);
#1013=LINE('',#2552,#1181);
#1014=LINE('',#2554,#1182);
#1015=LINE('',#2556,#1183);
#1016=LINE('',#2558,#1184);
#1017=LINE('',#2561,#1185);
#1018=LINE('',#2564,#1186);
#1019=LINE('',#2566,#1187);
#1020=LINE('',#2568,#1188);
#1021=LINE('',#2570,#1189);
#1022=LINE('',#2571,#1190);
#1023=LINE('',#2573,#1191);
#1024=LINE('',#2575,#1192);
#1025=LINE('',#2578,#1193);
#1026=LINE('',#2581,#1194);
#1027=LINE('',#2582,#1195);
#1028=LINE('',#2584,#1196);
#1029=LINE('',#2586,#1197);
#1030=LINE('',#2588,#1198);
#1031=LINE('',#2590,#1199);
#1032=LINE('',#2593,#1200);
#1033=LINE('',#2594,#1201);
#1034=LINE('',#2596,#1202);
#1035=LINE('',#2599,#1203);
#1036=LINE('',#2600,#1204);
#1037=LINE('',#2602,#1205);
#1038=LINE('',#2605,#1206);
#1039=LINE('',#2607,#1207);
#1040=LINE('',#2609,#1208);
#1041=VECTOR('',#1760,1.);
#1042=VECTOR('',#1763,1.);
#1043=VECTOR('',#1766,1.);
#1044=VECTOR('',#1769,1.);
#1045=VECTOR('',#1772,1.);
#1046=VECTOR('',#1773,1.);
#1047=VECTOR('',#1774,1.);
#1048=VECTOR('',#1775,1.);
#1049=VECTOR('',#1776,1.);
#1050=VECTOR('',#1777,1.);
#1051=VECTOR('',#1778,1.);
#1052=VECTOR('',#1779,1.);
#1053=VECTOR('',#1780,1.);
#1054=VECTOR('',#1781,1.);
#1055=VECTOR('',#1782,1.);
#1056=VECTOR('',#1783,1.);
#1057=VECTOR('',#1796,1.);
#1058=VECTOR('',#1799,1.);
#1059=VECTOR('',#1802,1.);
#1060=VECTOR('',#1805,1.);
#1061=VECTOR('',#1808,1.);
#1062=VECTOR('',#1809,1.);
#1063=VECTOR('',#1810,1.);
#1064=VECTOR('',#1811,1.);
#1065=VECTOR('',#1812,1.);
#1066=VECTOR('',#1813,1.);
#1067=VECTOR('',#1814,1.);
#1068=VECTOR('',#1815,1.);
#1069=VECTOR('',#1824,1.);
#1070=VECTOR('',#1825,1.);
#1071=VECTOR('',#1826,1.);
#1072=VECTOR('',#1827,1.);
#1073=VECTOR('',#1830,1.);
#1074=VECTOR('',#1831,1.);
#1075=VECTOR('',#1832,1.);
#1076=VECTOR('',#1835,1.);
#1077=VECTOR('',#1836,1.);
#1078=VECTOR('',#1837,1.);
#1079=VECTOR('',#1840,1.);
#1080=VECTOR('',#1841,1.);
#1081=VECTOR('',#1844,1.);
#1082=VECTOR('',#1845,1.);
#1083=VECTOR('',#1846,1.);
#1084=VECTOR('',#1847,1.);
#1085=VECTOR('',#1850,1.);
#1086=VECTOR('',#1851,1.);
#1087=VECTOR('',#1852,1.);
#1088=VECTOR('',#1853,1.);
#1089=VECTOR('',#1856,1.);
#1090=VECTOR('',#1857,1.);
#1091=VECTOR('',#1858,1.);
#1092=VECTOR('',#1859,1.);
#1093=VECTOR('',#1862,1.);
#1094=VECTOR('',#1863,1.);
#1095=VECTOR('',#1864,1.);
#1096=VECTOR('',#1865,1.);
#1097=VECTOR('',#1880,1.);
#1098=VECTOR('',#1881,1.);
#1099=VECTOR('',#1882,1.);
#1100=VECTOR('',#1883,1.);
#1101=VECTOR('',#1884,1.);
#1102=VECTOR('',#1885,1.);
#1103=VECTOR('',#1886,1.);
#1104=VECTOR('',#1887,1.);
#1105=VECTOR('',#1888,1.);
#1106=VECTOR('',#1889,1.);
#1107=VECTOR('',#1890,1.);
#1108=VECTOR('',#1891,1.);
#1109=VECTOR('',#1900,1.);
#1110=VECTOR('',#1901,1.);
#1111=VECTOR('',#1902,1.);
#1112=VECTOR('',#1903,1.);
#1113=VECTOR('',#1904,1.);
#1114=VECTOR('',#1905,1.);
#1115=VECTOR('',#1906,1.);
#1116=VECTOR('',#1907,1.);
#1117=VECTOR('',#1910,1.);
#1118=VECTOR('',#1911,1.);
#1119=VECTOR('',#1912,1.);
#1120=VECTOR('',#1913,1.);
#1121=VECTOR('',#1914,1.);
#1122=VECTOR('',#1915,1.);
#1123=VECTOR('',#1916,1.);
#1124=VECTOR('',#1917,1.);
#1125=VECTOR('',#1918,1.);
#1126=VECTOR('',#1919,1.);
#1127=VECTOR('',#1920,1.);
#1128=VECTOR('',#1921,1.);
#1129=VECTOR('',#1932,1.);
#1130=VECTOR('',#1935,1.);
#1131=VECTOR('',#1938,1.);
#1132=VECTOR('',#1941,1.);
#1133=VECTOR('',#1944,1.);
#1134=VECTOR('',#1945,1.);
#1135=VECTOR('',#1948,1.);
#1136=VECTOR('',#1951,1.);
#1137=VECTOR('',#1954,1.);
#1138=VECTOR('',#1957,1.);
#1139=VECTOR('',#1960,1.);
#1140=VECTOR('',#1963,1.);
#1141=VECTOR('',#1966,1.);
#1142=VECTOR('',#1969,1.);
#1143=VECTOR('',#1972,1.);
#1144=VECTOR('',#1975,1.);
#1145=VECTOR('',#1988,1.);
#1146=VECTOR('',#1989,1.);
#1147=VECTOR('',#1992,1.);
#1148=VECTOR('',#1995,1.);
#1149=VECTOR('',#1998,1.);
#1150=VECTOR('',#2001,1.);
#1151=VECTOR('',#2004,1.);
#1152=VECTOR('',#2007,1.);
#1153=VECTOR('',#2012,1.);
#1154=VECTOR('',#2013,1.);
#1155=VECTOR('',#2016,1.);
#1156=VECTOR('',#2019,1.);
#1157=VECTOR('',#2034,1.);
#1158=VECTOR('',#2035,1.);
#1159=VECTOR('',#2036,1.);
#1160=VECTOR('',#2037,1.);
#1161=VECTOR('',#2040,1.);
#1162=VECTOR('',#2041,1.);
#1163=VECTOR('',#2042,1.);
#1164=VECTOR('',#2043,1.);
#1165=VECTOR('',#2046,1.);
#1166=VECTOR('',#2047,1.);
#1167=VECTOR('',#2048,1.);
#1168=VECTOR('',#2049,1.);
#1169=VECTOR('',#2052,1.);
#1170=VECTOR('',#2053,1.);
#1171=VECTOR('',#2054,1.);
#1172=VECTOR('',#2055,1.);
#1173=VECTOR('',#2060,1.);
#1174=VECTOR('',#2065,1.);
#1175=VECTOR('',#2070,1.);
#1176=VECTOR('',#2075,1.);
#1177=VECTOR('',#2080,1.);
#1178=VECTOR('',#2081,1.);
#1179=VECTOR('',#2082,1.);
#1180=VECTOR('',#2085,1.);
#1181=VECTOR('',#2086,1.);
#1182=VECTOR('',#2089,1.);
#1183=VECTOR('',#2090,1.);
#1184=VECTOR('',#2093,1.);
#1185=VECTOR('',#2098,1.);
#1186=VECTOR('',#2099,1.);
#1187=VECTOR('',#2100,1.);
#1188=VECTOR('',#2101,1.);
#1189=VECTOR('',#2104,1.);
#1190=VECTOR('',#2105,1.);
#1191=VECTOR('',#2108,1.);
#1192=VECTOR('',#2111,1.);
#1193=VECTOR('',#2116,1.);
#1194=VECTOR('',#2117,1.);
#1195=VECTOR('',#2118,1.);
#1196=VECTOR('',#2121,1.);
#1197=VECTOR('',#2122,1.);
#1198=VECTOR('',#2123,1.);
#1199=VECTOR('',#2126,1.);
#1200=VECTOR('',#2127,1.);
#1201=VECTOR('',#2128,1.);
#1202=VECTOR('',#2131,1.);
#1203=VECTOR('',#2132,1.);
#1204=VECTOR('',#2133,1.);
#1205=VECTOR('',#2136,1.);
#1206=VECTOR('',#2137,1.);
#1207=VECTOR('',#2138,1.);
#1208=VECTOR('',#2139,1.);
#1209=EDGE_LOOP('',(#85,#86,#87,#88,#89,#90,#91,#92));
#1210=EDGE_LOOP('',(#93,#94,#95,#96));
#1211=EDGE_LOOP('',(#97,#98,#99,#100));
#1212=EDGE_LOOP('',(#101,#102,#103,#104));
#1213=EDGE_LOOP('',(#105));
#1214=EDGE_LOOP('',(#106));
#1215=EDGE_LOOP('',(#107));
#1216=EDGE_LOOP('',(#108));
#1217=EDGE_LOOP('',(#109));
#1218=EDGE_LOOP('',(#110));
#1219=EDGE_LOOP('',(#111,#112,#113,#114,#115,#116,#117,#118));
#1220=EDGE_LOOP('',(#119,#120,#121,#122));
#1221=EDGE_LOOP('',(#123,#124,#125,#126));
#1222=EDGE_LOOP('',(#127));
#1223=EDGE_LOOP('',(#128));
#1224=EDGE_LOOP('',(#129,#130,#131,#132));
#1225=EDGE_LOOP('',(#133,#134,#135,#136));
#1226=EDGE_LOOP('',(#137,#138,#139,#140));
#1227=EDGE_LOOP('',(#141,#142,#143,#144));
#1228=EDGE_LOOP('',(#145,#146,#147,#148));
#1229=EDGE_LOOP('',(#149,#150,#151,#152));
#1230=EDGE_LOOP('',(#153,#154,#155,#156));
#1231=EDGE_LOOP('',(#157,#158,#159,#160));
#1232=EDGE_LOOP('',(#161));
#1233=EDGE_LOOP('',(#162));
#1234=EDGE_LOOP('',(#163));
#1235=EDGE_LOOP('',(#164));
#1236=EDGE_LOOP('',(#165));
#1237=EDGE_LOOP('',(#166));
#1238=EDGE_LOOP('',(#167));
#1239=EDGE_LOOP('',(#168,#169,#170,#171,#172,#173,#174,#175,#176,#177,#178,
#179));
#1240=EDGE_LOOP('',(#180));
#1241=EDGE_LOOP('',(#181));
#1242=EDGE_LOOP('',(#182));
#1243=EDGE_LOOP('',(#183));
#1244=EDGE_LOOP('',(#184,#185,#186,#187));
#1245=EDGE_LOOP('',(#188,#189,#190,#191));
#1246=EDGE_LOOP('',(#192,#193,#194,#195));
#1247=EDGE_LOOP('',(#196,#197,#198,#199));
#1248=EDGE_LOOP('',(#200,#201,#202,#203,#204,#205,#206,#207,#208,#209,#210,
#211));
#1249=EDGE_LOOP('',(#212));
#1250=EDGE_LOOP('',(#213));
#1251=EDGE_LOOP('',(#214));
#1252=EDGE_LOOP('',(#215));
#1253=EDGE_LOOP('',(#216,#217,#218,#219,#220,#221,#222,#223));
#1254=EDGE_LOOP('',(#224,#225,#226,#227));
#1255=EDGE_LOOP('',(#228,#229,#230,#231));
#1256=EDGE_LOOP('',(#232,#233,#234,#235));
#1257=EDGE_LOOP('',(#236,#237,#238,#239));
#1258=EDGE_LOOP('',(#240,#241,#242,#243));
#1259=EDGE_LOOP('',(#244,#245,#246,#247));
#1260=EDGE_LOOP('',(#248,#249,#250,#251));
#1261=EDGE_LOOP('',(#252,#253,#254,#255));
#1262=EDGE_LOOP('',(#256,#257,#258,#259));
#1263=EDGE_LOOP('',(#260,#261,#262,#263));
#1264=EDGE_LOOP('',(#264,#265,#266,#267));
#1265=EDGE_LOOP('',(#268));
#1266=EDGE_LOOP('',(#269));
#1267=EDGE_LOOP('',(#270));
#1268=EDGE_LOOP('',(#271));
#1269=EDGE_LOOP('',(#272));
#1270=EDGE_LOOP('',(#273));
#1271=EDGE_LOOP('',(#274,#275,#276,#277));
#1272=EDGE_LOOP('',(#278));
#1273=EDGE_LOOP('',(#279));
#1274=EDGE_LOOP('',(#280,#281,#282,#283));
#1275=EDGE_LOOP('',(#284,#285,#286,#287));
#1276=EDGE_LOOP('',(#288,#289,#290,#291));
#1277=EDGE_LOOP('',(#292,#293,#294,#295));
#1278=EDGE_LOOP('',(#296,#297,#298,#299));
#1279=EDGE_LOOP('',(#300,#301,#302,#303));
#1280=EDGE_LOOP('',(#304,#305,#306,#307));
#1281=EDGE_LOOP('',(#308,#309,#310,#311));
#1282=EDGE_LOOP('',(#312,#313,#314,#315));
#1283=EDGE_LOOP('',(#316,#317,#318,#319));
#1284=EDGE_LOOP('',(#320,#321,#322,#323));
#1285=EDGE_LOOP('',(#324,#325,#326,#327));
#1286=EDGE_LOOP('',(#328));
#1287=EDGE_LOOP('',(#329));
#1288=EDGE_LOOP('',(#330));
#1289=EDGE_LOOP('',(#331));
#1290=EDGE_LOOP('',(#332));
#1291=EDGE_LOOP('',(#333));
#1292=EDGE_LOOP('',(#334));
#1293=EDGE_LOOP('',(#335));
#1294=EDGE_LOOP('',(#336));
#1295=EDGE_LOOP('',(#337));
#1296=EDGE_LOOP('',(#338,#339,#340,#341,#342,#343,#344,#345));
#1297=EDGE_LOOP('',(#346,#347,#348,#349,#350,#351,#352,#353));
#1298=EDGE_LOOP('',(#354,#355,#356,#357,#358,#359,#360,#361));
#1299=EDGE_LOOP('',(#362,#363,#364,#365,#366,#367,#368,#369));
#1300=EDGE_LOOP('',(#370));
#1301=EDGE_LOOP('',(#371));
#1302=EDGE_LOOP('',(#372,#373,#374,#375));
#1303=EDGE_LOOP('',(#376,#377,#378,#379));
#1304=EDGE_LOOP('',(#380,#381,#382,#383));
#1305=EDGE_LOOP('',(#384,#385,#386,#387));
#1306=EDGE_LOOP('',(#388,#389,#390,#391));
#1307=EDGE_LOOP('',(#392,#393,#394,#395));
#1308=EDGE_LOOP('',(#396,#397,#398,#399));
#1309=EDGE_LOOP('',(#400,#401,#402,#403));
#1310=EDGE_LOOP('',(#404,#405,#406,#407));
#1311=EDGE_LOOP('',(#408,#409,#410,#411));
#1312=EDGE_LOOP('',(#412,#413,#414,#415));
#1313=EDGE_LOOP('',(#416,#417,#418,#419));
#1314=EDGE_LOOP('',(#420,#421,#422,#423));
#1315=EDGE_LOOP('',(#424,#425,#426,#427));
#1316=EDGE_LOOP('',(#428,#429,#430,#431));
#1317=EDGE_LOOP('',(#432));
#1318=EDGE_LOOP('',(#433,#434,#435,#436));
#1319=EDGE_LOOP('',(#437,#438,#439,#440));
#1320=EDGE_LOOP('',(#441,#442,#443,#444));
#1321=EDGE_LOOP('',(#445,#446,#447,#448));
#1322=EDGE_LOOP('',(#449,#450,#451,#452));
#1323=EDGE_LOOP('',(#453,#454,#455,#456));
#1324=EDGE_LOOP('',(#457,#458,#459,#460));
#1325=EDGE_LOOP('',(#461,#462,#463,#464));
#1326=EDGE_LOOP('',(#465,#466,#467,#468));
#1327=EDGE_LOOP('',(#469,#470,#471,#472));
#1328=EDGE_LOOP('',(#473,#474,#475));
#1329=EDGE_LOOP('',(#476,#477,#478,#479));
#1330=EDGE_LOOP('',(#480,#481,#482,#483));
#1331=EDGE_LOOP('',(#484,#485,#486,#487));
#1332=EDGE_LOOP('',(#488,#489,#490,#491));
#1333=EDGE_LOOP('',(#492,#493,#494));
#1334=EDGE_LOOP('',(#495,#496,#497));
#1335=EDGE_LOOP('',(#498,#499,#500,#501));
#1336=EDGE_LOOP('',(#502,#503,#504,#505));
#1337=EDGE_LOOP('',(#506,#507,#508));
#1338=EDGE_LOOP('',(#509,#510,#511,#512));
#1339=FACE_BOUND('',#1209,.T.);
#1340=FACE_BOUND('',#1210,.T.);
#1341=FACE_BOUND('',#1211,.T.);
#1342=FACE_BOUND('',#1212,.T.);
#1343=FACE_BOUND('',#1213,.T.);
#1344=FACE_BOUND('',#1214,.T.);
#1345=FACE_BOUND('',#1215,.T.);
#1346=FACE_BOUND('',#1216,.T.);
#1347=FACE_BOUND('',#1217,.T.);
#1348=FACE_BOUND('',#1218,.T.);
#1349=FACE_BOUND('',#1219,.T.);
#1350=FACE_BOUND('',#1220,.T.);
#1351=FACE_BOUND('',#1221,.T.);
#1352=FACE_BOUND('',#1222,.T.);
#1353=FACE_BOUND('',#1223,.T.);
#1354=FACE_BOUND('',#1224,.T.);
#1355=FACE_BOUND('',#1225,.T.);
#1356=FACE_BOUND('',#1226,.T.);
#1357=FACE_BOUND('',#1227,.T.);
#1358=FACE_BOUND('',#1228,.T.);
#1359=FACE_BOUND('',#1229,.T.);
#1360=FACE_BOUND('',#1230,.T.);
#1361=FACE_BOUND('',#1231,.T.);
#1362=FACE_BOUND('',#1232,.T.);
#1363=FACE_BOUND('',#1233,.T.);
#1364=FACE_BOUND('',#1234,.T.);
#1365=FACE_BOUND('',#1235,.T.);
#1366=FACE_BOUND('',#1236,.T.);
#1367=FACE_BOUND('',#1237,.T.);
#1368=FACE_BOUND('',#1238,.T.);
#1369=FACE_BOUND('',#1239,.T.);
#1370=FACE_BOUND('',#1240,.T.);
#1371=FACE_BOUND('',#1241,.T.);
#1372=FACE_BOUND('',#1242,.T.);
#1373=FACE_BOUND('',#1243,.T.);
#1374=FACE_BOUND('',#1244,.T.);
#1375=FACE_BOUND('',#1245,.T.);
#1376=FACE_BOUND('',#1246,.T.);
#1377=FACE_BOUND('',#1247,.T.);
#1378=FACE_BOUND('',#1248,.T.);
#1379=FACE_BOUND('',#1249,.T.);
#1380=FACE_BOUND('',#1250,.T.);
#1381=FACE_BOUND('',#1251,.T.);
#1382=FACE_BOUND('',#1252,.T.);
#1383=FACE_BOUND('',#1253,.T.);
#1384=FACE_BOUND('',#1254,.T.);
#1385=FACE_BOUND('',#1255,.T.);
#1386=FACE_BOUND('',#1256,.T.);
#1387=FACE_BOUND('',#1257,.T.);
#1388=FACE_BOUND('',#1258,.T.);
#1389=FACE_BOUND('',#1259,.T.);
#1390=FACE_BOUND('',#1260,.T.);
#1391=FACE_BOUND('',#1261,.T.);
#1392=FACE_BOUND('',#1262,.T.);
#1393=FACE_BOUND('',#1263,.T.);
#1394=FACE_BOUND('',#1264,.T.);
#1395=FACE_BOUND('',#1265,.T.);
#1396=FACE_BOUND('',#1266,.T.);
#1397=FACE_BOUND('',#1267,.T.);
#1398=FACE_BOUND('',#1268,.T.);
#1399=FACE_BOUND('',#1269,.T.);
#1400=FACE_BOUND('',#1270,.T.);
#1401=FACE_BOUND('',#1271,.T.);
#1402=FACE_BOUND('',#1272,.T.);
#1403=FACE_BOUND('',#1273,.T.);
#1404=FACE_BOUND('',#1274,.T.);
#1405=FACE_BOUND('',#1275,.T.);
#1406=FACE_BOUND('',#1276,.T.);
#1407=FACE_BOUND('',#1277,.T.);
#1408=FACE_BOUND('',#1278,.T.);
#1409=FACE_BOUND('',#1279,.T.);
#1410=FACE_BOUND('',#1280,.T.);
#1411=FACE_BOUND('',#1281,.T.);
#1412=FACE_BOUND('',#1282,.T.);
#1413=FACE_BOUND('',#1283,.T.);
#1414=FACE_BOUND('',#1284,.T.);
#1415=FACE_BOUND('',#1285,.T.);
#1416=FACE_BOUND('',#1286,.T.);
#1417=FACE_BOUND('',#1287,.T.);
#1418=FACE_BOUND('',#1288,.T.);
#1419=FACE_BOUND('',#1289,.T.);
#1420=FACE_BOUND('',#1290,.T.);
#1421=FACE_BOUND('',#1291,.T.);
#1422=FACE_BOUND('',#1292,.T.);
#1423=FACE_BOUND('',#1293,.T.);
#1424=FACE_BOUND('',#1294,.T.);
#1425=FACE_BOUND('',#1295,.T.);
#1426=FACE_BOUND('',#1296,.T.);
#1427=FACE_BOUND('',#1297,.T.);
#1428=FACE_BOUND('',#1298,.T.);
#1429=FACE_BOUND('',#1299,.T.);
#1430=FACE_BOUND('',#1300,.T.);
#1431=FACE_BOUND('',#1301,.T.);
#1432=FACE_BOUND('',#1302,.T.);
#1433=FACE_BOUND('',#1303,.T.);
#1434=FACE_BOUND('',#1304,.T.);
#1435=FACE_BOUND('',#1305,.T.);
#1436=FACE_BOUND('',#1306,.T.);
#1437=FACE_BOUND('',#1307,.T.);
#1438=FACE_BOUND('',#1308,.T.);
#1439=FACE_BOUND('',#1309,.T.);
#1440=FACE_BOUND('',#1310,.T.);
#1441=FACE_BOUND('',#1311,.T.);
#1442=FACE_BOUND('',#1312,.T.);
#1443=FACE_BOUND('',#1313,.T.);
#1444=FACE_BOUND('',#1314,.T.);
#1445=FACE_BOUND('',#1315,.T.);
#1446=FACE_BOUND('',#1316,.T.);
#1447=FACE_BOUND('',#1317,.T.);
#1448=FACE_BOUND('',#1318,.T.);
#1449=FACE_BOUND('',#1319,.T.);
#1450=FACE_BOUND('',#1320,.T.);
#1451=FACE_BOUND('',#1321,.T.);
#1452=FACE_BOUND('',#1322,.T.);
#1453=FACE_BOUND('',#1323,.T.);
#1454=FACE_BOUND('',#1324,.T.);
#1455=FACE_BOUND('',#1325,.T.);
#1456=FACE_BOUND('',#1326,.T.);
#1457=FACE_BOUND('',#1327,.T.);
#1458=FACE_BOUND('',#1328,.T.);
#1459=FACE_BOUND('',#1329,.T.);
#1460=FACE_BOUND('',#1330,.T.);
#1461=FACE_BOUND('',#1331,.T.);
#1462=FACE_BOUND('',#1332,.T.);
#1463=FACE_BOUND('',#1333,.T.);
#1464=FACE_BOUND('',#1334,.T.);
#1465=FACE_BOUND('',#1335,.T.);
#1466=FACE_BOUND('',#1336,.T.);
#1467=FACE_BOUND('',#1337,.T.);
#1468=FACE_BOUND('',#1338,.T.);
#1469=PLANE('',#1625);
#1470=PLANE('',#1643);
#1471=PLANE('',#1644);
#1472=PLANE('',#1645);
#1473=PLANE('',#1646);
#1474=PLANE('',#1647);
#1475=PLANE('',#1648);
#1476=PLANE('',#1649);
#1477=PLANE('',#1650);
#1478=PLANE('',#1651);
#1479=PLANE('',#1662);
#1480=PLANE('',#1671);
#1481=PLANE('',#1672);
#1482=PLANE('',#1673);
#1483=PLANE('',#1674);
#1484=PLANE('',#1675);
#1485=PLANE('',#1676);
#1486=PLANE('',#1677);
#1487=PLANE('',#1678);
#1488=PLANE('',#1679);
#1489=PLANE('',#1680);
#1490=PLANE('',#1681);
#1491=PLANE('',#1685);
#1492=PLANE('',#1687);
#1493=PLANE('',#1689);
#1494=PLANE('',#1691);
#1495=PLANE('',#1693);
#1496=PLANE('',#1695);
#1497=PLANE('',#1696);
#1498=PLANE('',#1697);
#1499=PLANE('',#1698);
#1500=PLANE('',#1704);
#1501=PLANE('',#1705);
#1502=PLANE('',#1706);
#1503=PLANE('',#1707);
#1504=PLANE('',#1709);
#1505=PLANE('',#1710);
#1506=PLANE('',#1711);
#1507=PLANE('',#1712);
#1508=PLANE('',#1713);
#1509=PLANE('',#1714);
#1510=PLANE('',#1715);
#1511=PLANE('',#1716);
#1512=PLANE('',#1717);
#1513=PLANE('',#1718);
#1514=PLANE('',#1719);
#1515=PLANE('',#1720);
#1516=PLANE('',#1721);
#1517=PLANE('',#1722);
#1518=PLANE('',#1723);
#1519=PLANE('',#1724);
#1520=PLANE('',#1725);
#1521=PLANE('',#1726);
#1522=PLANE('',#1727);
#1523=PLANE('',#1728);
#1524=PLANE('',#1729);
#1525=PLANE('',#1730);
#1526=PLANE('',#1731);
#1527=ADVANCED_FACE('',(#1339,#1340,#1341,#1342,#1343,#1344,#1345,#1346,
#1347,#1348,#1349,#1350,#1351),#1469,.T.);
#1528=ADVANCED_FACE('',(#1352,#1353),#16,.F.);
#1529=ADVANCED_FACE('',(#1354),#1470,.T.);
#1530=ADVANCED_FACE('',(#1355),#1471,.F.);
#1531=ADVANCED_FACE('',(#1356),#1472,.F.);
#1532=ADVANCED_FACE('',(#1357),#1473,.T.);
#1533=ADVANCED_FACE('',(#1358),#1474,.T.);
#1534=ADVANCED_FACE('',(#1359),#1475,.F.);
#1535=ADVANCED_FACE('',(#1360),#1476,.T.);
#1536=ADVANCED_FACE('',(#1361),#1477,.F.);
#1537=ADVANCED_FACE('',(#1362,#1363,#1364,#1365,#1366,#1367,#1368,#1369,
#1370,#1371,#1372,#1373,#1374,#1375,#1376,#1377),#1478,.T.);
#1538=ADVANCED_FACE('',(#1378,#1379,#1380,#1381,#1382,#1383),#1479,.F.);
#1539=ADVANCED_FACE('',(#1384),#1480,.T.);
#1540=ADVANCED_FACE('',(#1385),#1481,.F.);
#1541=ADVANCED_FACE('',(#1386),#1482,.T.);
#1542=ADVANCED_FACE('',(#1387),#1483,.F.);
#1543=ADVANCED_FACE('',(#1388),#1484,.F.);
#1544=ADVANCED_FACE('',(#1389),#1485,.T.);
#1545=ADVANCED_FACE('',(#1390),#1486,.F.);
#1546=ADVANCED_FACE('',(#1391),#1487,.F.);
#1547=ADVANCED_FACE('',(#1392),#1488,.T.);
#1548=ADVANCED_FACE('',(#1393),#1489,.T.);
#1549=ADVANCED_FACE('',(#1394),#1490,.F.);
#1550=ADVANCED_FACE('',(#1395,#1396),#17,.F.);
#1551=ADVANCED_FACE('',(#1397,#1398),#18,.F.);
#1552=ADVANCED_FACE('',(#1399,#1400),#19,.F.);
#1553=ADVANCED_FACE('',(#1401),#1491,.T.);
#1554=ADVANCED_FACE('',(#1402,#1403),#20,.F.);
#1555=ADVANCED_FACE('',(#1404),#1492,.T.);
#1556=ADVANCED_FACE('',(#1405),#21,.T.);
#1557=ADVANCED_FACE('',(#1406),#1493,.T.);
#1558=ADVANCED_FACE('',(#1407),#22,.T.);
#1559=ADVANCED_FACE('',(#1408),#1494,.F.);
#1560=ADVANCED_FACE('',(#1409),#23,.T.);
#1561=ADVANCED_FACE('',(#1410),#1495,.F.);
#1562=ADVANCED_FACE('',(#1411),#24,.T.);
#1563=ADVANCED_FACE('',(#1412),#1496,.T.);
#1564=ADVANCED_FACE('',(#1413),#1497,.F.);
#1565=ADVANCED_FACE('',(#1414),#1498,.F.);
#1566=ADVANCED_FACE('',(#1415),#1499,.T.);
#1567=ADVANCED_FACE('',(#1416,#1417),#25,.F.);
#1568=ADVANCED_FACE('',(#1418,#1419),#26,.F.);
#1569=ADVANCED_FACE('',(#1420,#1421),#27,.F.);
#1570=ADVANCED_FACE('',(#1422,#1423),#28,.F.);
#1571=ADVANCED_FACE('',(#1424,#1425),#29,.F.);
#1572=ADVANCED_FACE('',(#1426),#1500,.F.);
#1573=ADVANCED_FACE('',(#1427),#1501,.T.);
#1574=ADVANCED_FACE('',(#1428),#1502,.F.);
#1575=ADVANCED_FACE('',(#1429),#1503,.T.);
#1576=ADVANCED_FACE('',(#1430,#1431),#30,.F.);
#1577=ADVANCED_FACE('',(#1432),#1504,.T.);
#1578=ADVANCED_FACE('',(#1433),#1505,.F.);
#1579=ADVANCED_FACE('',(#1434),#1506,.T.);
#1580=ADVANCED_FACE('',(#1435),#1507,.T.);
#1581=ADVANCED_FACE('',(#1436),#1508,.T.);
#1582=ADVANCED_FACE('',(#1437),#1509,.F.);
#1583=ADVANCED_FACE('',(#1438),#1510,.T.);
#1584=ADVANCED_FACE('',(#1439),#1511,.T.);
#1585=ADVANCED_FACE('',(#1440),#1512,.T.);
#1586=ADVANCED_FACE('',(#1441),#1513,.F.);
#1587=ADVANCED_FACE('',(#1442),#1514,.F.);
#1588=ADVANCED_FACE('',(#1443),#1515,.T.);
#1589=ADVANCED_FACE('',(#1444,#1445),#1516,.T.);
#1590=ADVANCED_FACE('',(#1446,#1447),#1517,.T.);
#1591=ADVANCED_FACE('',(#1448),#1518,.T.);
#1592=ADVANCED_FACE('',(#1449),#1519,.F.);
#1593=ADVANCED_FACE('',(#1450),#1520,.F.);
#1594=ADVANCED_FACE('',(#1451),#1521,.T.);
#1595=ADVANCED_FACE('',(#1452),#1522,.T.);
#1596=ADVANCED_FACE('',(#1453),#1523,.F.);
#1597=ADVANCED_FACE('',(#1454),#1524,.F.);
#1598=ADVANCED_FACE('',(#1455),#1525,.T.);
#1599=ADVANCED_FACE('',(#1456),#1526,.T.);
#1600=ADVANCED_FACE('',(#1457),#31,.T.);
#1601=ADVANCED_FACE('',(#1458),#12,.T.);
#1602=ADVANCED_FACE('',(#1459),#32,.T.);
#1603=ADVANCED_FACE('',(#1460),#33,.T.);
#1604=ADVANCED_FACE('',(#1461),#34,.T.);
#1605=ADVANCED_FACE('',(#1462),#35,.T.);
#1606=ADVANCED_FACE('',(#1463),#13,.T.);
#1607=ADVANCED_FACE('',(#1464),#14,.T.);
#1608=ADVANCED_FACE('',(#1465),#36,.T.);
#1609=ADVANCED_FACE('',(#1466),#37,.T.);
#1610=ADVANCED_FACE('',(#1467),#15,.T.);
#1611=ADVANCED_FACE('',(#1468),#38,.T.);
#1612=CLOSED_SHELL('',(#1527,#1528,#1529,#1530,#1531,#1532,#1533,#1534,
#1535,#1536,#1537,#1538,#1539,#1540,#1541,#1542,#1543,#1544,#1545,#1546,
#1547,#1548,#1549,#1550,#1551,#1552,#1553,#1554,#1555,#1556,#1557,#1558,
#1559,#1560,#1561,#1562,#1563,#1564,#1565,#1566,#1567,#1568,#1569,#1570,
#1571,#1572,#1573,#1574,#1575,#1576,#1577,#1578,#1579,#1580,#1581,#1582,
#1583,#1584,#1585,#1586,#1587,#1588,#1589,#1590,#1591,#1592,#1593,#1594,
#1595,#1596,#1597,#1598,#1599,#1600,#1601,#1602,#1603,#1604,#1605,#1606,
#1607,#1608,#1609,#1610,#1611));
#1613=STYLED_ITEM('',(#1614),#1621);
#1614=PRESENTATION_STYLE_ASSIGNMENT((#1615));
#1615=SURFACE_STYLE_USAGE(.BOTH.,#1616);
#1616=SURFACE_SIDE_STYLE('',(#1617));
#1617=SURFACE_STYLE_FILL_AREA(#1618);
#1618=FILL_AREA_STYLE('',(#1619));
#1619=FILL_AREA_STYLE_COLOUR('',#1620);
#1620=DRAUGHTING_PRE_DEFINED_COLOUR('white');
#1621=MANIFOLD_SOLID_BREP('Part 1',#1612);
#1622=SHAPE_DEFINITION_REPRESENTATION(#2640,#1623);
#1623=SHAPE_REPRESENTATION('Part 1',(#1624),#2635);
#1624=AXIS2_PLACEMENT_3D('',#2188,#1756,#1757);
#1625=AXIS2_PLACEMENT_3D('',#2189,#1758,#1759);
#1626=AXIS2_PLACEMENT_3D('',#2193,#1761,#1762);
#1627=AXIS2_PLACEMENT_3D('',#2197,#1764,#1765);
#1628=AXIS2_PLACEMENT_3D('',#2201,#1767,#1768);
#1629=AXIS2_PLACEMENT_3D('',#2205,#1770,#1771);
#1630=AXIS2_PLACEMENT_3D('',#2230,#1784,#1785);
#1631=AXIS2_PLACEMENT_3D('',#2232,#1786,#1787);
#1632=AXIS2_PLACEMENT_3D('',#2234,#1788,#1789);
#1633=AXIS2_PLACEMENT_3D('',#2236,#1790,#1791);
#1634=AXIS2_PLACEMENT_3D('',#2238,#1792,#1793);
#1635=AXIS2_PLACEMENT_3D('',#2240,#1794,#1795);
#1636=AXIS2_PLACEMENT_3D('',#2245,#1797,#1798);
#1637=AXIS2_PLACEMENT_3D('',#2249,#1800,#1801);
#1638=AXIS2_PLACEMENT_3D('',#2253,#1803,#1804);
#1639=AXIS2_PLACEMENT_3D('',#2257,#1806,#1807);
#1640=AXIS2_PLACEMENT_3D('',#2274,#1816,#1817);
#1641=AXIS2_PLACEMENT_3D('',#2275,#1818,#1819);
#1642=AXIS2_PLACEMENT_3D('',#2277,#1820,#1821);
#1643=AXIS2_PLACEMENT_3D('',#2279,#1822,#1823);
#1644=AXIS2_PLACEMENT_3D('',#2288,#1828,#1829);
#1645=AXIS2_PLACEMENT_3D('',#2294,#1833,#1834);
#1646=AXIS2_PLACEMENT_3D('',#2300,#1838,#1839);
#1647=AXIS2_PLACEMENT_3D('',#2303,#1842,#1843);
#1648=AXIS2_PLACEMENT_3D('',#2312,#1848,#1849);
#1649=AXIS2_PLACEMENT_3D('',#2321,#1854,#1855);
#1650=AXIS2_PLACEMENT_3D('',#2330,#1860,#1861);
#1651=AXIS2_PLACEMENT_3D('',#2339,#1866,#1867);
#1652=AXIS2_PLACEMENT_3D('',#2340,#1868,#1869);
#1653=AXIS2_PLACEMENT_3D('',#2342,#1870,#1871);
#1654=AXIS2_PLACEMENT_3D('',#2344,#1872,#1873);
#1655=AXIS2_PLACEMENT_3D('',#2346,#1874,#1875);
#1656=AXIS2_PLACEMENT_3D('',#2348,#1876,#1877);
#1657=AXIS2_PLACEMENT_3D('',#2350,#1878,#1879);
#1658=AXIS2_PLACEMENT_3D('',#2376,#1892,#1893);
#1659=AXIS2_PLACEMENT_3D('',#2378,#1894,#1895);
#1660=AXIS2_PLACEMENT_3D('',#2380,#1896,#1897);
#1661=AXIS2_PLACEMENT_3D('',#2382,#1898,#1899);
#1662=AXIS2_PLACEMENT_3D('',#2396,#1908,#1909);
#1663=AXIS2_PLACEMENT_3D('',#2421,#1922,#1923);
#1664=AXIS2_PLACEMENT_3D('',#2423,#1924,#1925);
#1665=AXIS2_PLACEMENT_3D('',#2425,#1926,#1927);
#1666=AXIS2_PLACEMENT_3D('',#2427,#1928,#1929);
#1667=AXIS2_PLACEMENT_3D('',#2429,#1930,#1931);
#1668=AXIS2_PLACEMENT_3D('',#2434,#1933,#1934);
#1669=AXIS2_PLACEMENT_3D('',#2438,#1936,#1937);
#1670=AXIS2_PLACEMENT_3D('',#2442,#1939,#1940);
#1671=AXIS2_PLACEMENT_3D('',#2445,#1942,#1943);
#1672=AXIS2_PLACEMENT_3D('',#2448,#1946,#1947);
#1673=AXIS2_PLACEMENT_3D('',#2450,#1949,#1950);
#1674=AXIS2_PLACEMENT_3D('',#2452,#1952,#1953);
#1675=AXIS2_PLACEMENT_3D('',#2454,#1955,#1956);
#1676=AXIS2_PLACEMENT_3D('',#2456,#1958,#1959);
#1677=AXIS2_PLACEMENT_3D('',#2458,#1961,#1962);
#1678=AXIS2_PLACEMENT_3D('',#2460,#1964,#1965);
#1679=AXIS2_PLACEMENT_3D('',#2462,#1967,#1968);
#1680=AXIS2_PLACEMENT_3D('',#2464,#1970,#1971);
#1681=AXIS2_PLACEMENT_3D('',#2466,#1973,#1974);
#1682=AXIS2_PLACEMENT_3D('',#2468,#1976,#1977);
#1683=AXIS2_PLACEMENT_3D('',#2469,#1978,#1979);
#1684=AXIS2_PLACEMENT_3D('',#2470,#1980,#1981);
#1685=AXIS2_PLACEMENT_3D('',#2471,#1982,#1983);
#1686=AXIS2_PLACEMENT_3D('',#2472,#1984,#1985);
#1687=AXIS2_PLACEMENT_3D('',#2473,#1986,#1987);
#1688=AXIS2_PLACEMENT_3D('',#2476,#1990,#1991);
#1689=AXIS2_PLACEMENT_3D('',#2478,#1993,#1994);
#1690=AXIS2_PLACEMENT_3D('',#2480,#1996,#1997);
#1691=AXIS2_PLACEMENT_3D('',#2482,#1999,#2000);
#1692=AXIS2_PLACEMENT_3D('',#2484,#2002,#2003);
#1693=AXIS2_PLACEMENT_3D('',#2486,#2005,#2006);
#1694=AXIS2_PLACEMENT_3D('',#2488,#2008,#2009);
#1695=AXIS2_PLACEMENT_3D('',#2489,#2010,#2011);
#1696=AXIS2_PLACEMENT_3D('',#2492,#2014,#2015);
#1697=AXIS2_PLACEMENT_3D('',#2494,#2017,#2018);
#1698=AXIS2_PLACEMENT_3D('',#2496,#2020,#2021);
#1699=AXIS2_PLACEMENT_3D('',#2497,#2022,#2023);
#1700=AXIS2_PLACEMENT_3D('',#2498,#2024,#2025);
#1701=AXIS2_PLACEMENT_3D('',#2499,#2026,#2027);
#1702=AXIS2_PLACEMENT_3D('',#2500,#2028,#2029);
#1703=AXIS2_PLACEMENT_3D('',#2501,#2030,#2031);
#1704=AXIS2_PLACEMENT_3D('',#2502,#2032,#2033);
#1705=AXIS2_PLACEMENT_3D('',#2509,#2038,#2039);
#1706=AXIS2_PLACEMENT_3D('',#2516,#2044,#2045);
#1707=AXIS2_PLACEMENT_3D('',#2523,#2050,#2051);
#1708=AXIS2_PLACEMENT_3D('',#2530,#2056,#2057);
#1709=AXIS2_PLACEMENT_3D('',#2531,#2058,#2059);
#1710=AXIS2_PLACEMENT_3D('',#2533,#2061,#2062);
#1711=AXIS2_PLACEMENT_3D('',#2534,#2063,#2064);
#1712=AXIS2_PLACEMENT_3D('',#2536,#2066,#2067);
#1713=AXIS2_PLACEMENT_3D('',#2537,#2068,#2069);
#1714=AXIS2_PLACEMENT_3D('',#2539,#2071,#2072);
#1715=AXIS2_PLACEMENT_3D('',#2540,#2073,#2074);
#1716=AXIS2_PLACEMENT_3D('',#2542,#2076,#2077);
#1717=AXIS2_PLACEMENT_3D('',#2543,#2078,#2079);
#1718=AXIS2_PLACEMENT_3D('',#2549,#2083,#2084);
#1719=AXIS2_PLACEMENT_3D('',#2553,#2087,#2088);
#1720=AXIS2_PLACEMENT_3D('',#2557,#2091,#2092);
#1721=AXIS2_PLACEMENT_3D('',#2559,#2094,#2095);
#1722=AXIS2_PLACEMENT_3D('',#2560,#2096,#2097);
#1723=AXIS2_PLACEMENT_3D('',#2569,#2102,#2103);
#1724=AXIS2_PLACEMENT_3D('',#2572,#2106,#2107);
#1725=AXIS2_PLACEMENT_3D('',#2574,#2109,#2110);
#1726=AXIS2_PLACEMENT_3D('',#2576,#2112,#2113);
#1727=AXIS2_PLACEMENT_3D('',#2577,#2114,#2115);
#1728=AXIS2_PLACEMENT_3D('',#2583,#2119,#2120);
#1729=AXIS2_PLACEMENT_3D('',#2589,#2124,#2125);
#1730=AXIS2_PLACEMENT_3D('',#2595,#2129,#2130);
#1731=AXIS2_PLACEMENT_3D('',#2601,#2134,#2135);
#1732=AXIS2_PLACEMENT_3D('',#2610,#2140,#2141);
#1733=AXIS2_PLACEMENT_3D('',#2611,#2142,#2143);
#1734=AXIS2_PLACEMENT_3D('',#2612,#2144,#2145);
#1735=AXIS2_PLACEMENT_3D('',#2613,#2146,#2147);
#1736=AXIS2_PLACEMENT_3D('',#2614,#2148,#2149);
#1737=AXIS2_PLACEMENT_3D('',#2615,#2150,#2151);
#1738=AXIS2_PLACEMENT_3D('',#2616,#2152,#2153);
#1739=AXIS2_PLACEMENT_3D('',#2617,#2154,#2155);
#1740=AXIS2_PLACEMENT_3D('',#2618,#2156,#2157);
#1741=AXIS2_PLACEMENT_3D('',#2619,#2158,#2159);
#1742=AXIS2_PLACEMENT_3D('',#2620,#2160,#2161);
#1743=AXIS2_PLACEMENT_3D('',#2621,#2162,#2163);
#1744=AXIS2_PLACEMENT_3D('',#2622,#2164,#2165);
#1745=AXIS2_PLACEMENT_3D('',#2623,#2166,#2167);
#1746=AXIS2_PLACEMENT_3D('',#2624,#2168,#2169);
#1747=AXIS2_PLACEMENT_3D('',#2625,#2170,#2171);
#1748=AXIS2_PLACEMENT_3D('',#2626,#2172,#2173);
#1749=AXIS2_PLACEMENT_3D('',#2627,#2174,#2175);
#1750=AXIS2_PLACEMENT_3D('',#2628,#2176,#2177);
#1751=AXIS2_PLACEMENT_3D('',#2629,#2178,#2179);
#1752=AXIS2_PLACEMENT_3D('',#2630,#2180,#2181);
#1753=AXIS2_PLACEMENT_3D('',#2631,#2182,#2183);
#1754=AXIS2_PLACEMENT_3D('',#2632,#2184,#2185);
#1755=AXIS2_PLACEMENT_3D('',#2633,#2186,#2187);
#1756=DIRECTION('',(0.,0.,1.));
#1757=DIRECTION('',(1.,0.,0.));
#1758=DIRECTION('',(-1.,0.,0.));
#1759=DIRECTION('',(0.,-1.,0.));
#1760=DIRECTION('',(0.,-1.,0.));
#1761=DIRECTION('',(-1.,0.,0.));
#1762=DIRECTION('',(0.,0.,1.));
#1763=DIRECTION('',(0.,0.,1.));
#1764=DIRECTION('',(-1.,0.,0.));
#1765=DIRECTION('',(0.,0.,1.));
#1766=DIRECTION('',(0.,-1.,0.));
#1767=DIRECTION('',(-1.,0.,0.));
#1768=DIRECTION('',(0.,0.,1.));
#1769=DIRECTION('',(0.,2.02384405530627E-16,1.));
#1770=DIRECTION('',(-1.,0.,0.));
#1771=DIRECTION('',(0.,0.,1.));
#1772=DIRECTION('',(0.,1.,0.));
#1773=DIRECTION('',(0.,-2.31296463463574E-16,-1.));
#1774=DIRECTION('',(0.,1.,0.));
#1775=DIRECTION('',(0.,0.,-1.));
#1776=DIRECTION('',(0.,1.,0.));
#1777=DIRECTION('',(0.,-4.62592926927149E-16,-1.));
#1778=DIRECTION('',(0.,1.,0.));
#1779=DIRECTION('',(0.,-4.62592926927149E-16,-1.));
#1780=DIRECTION('',(0.,0.,1.));
#1781=DIRECTION('',(0.,1.,0.));
#1782=DIRECTION('',(0.,0.,1.));
#1783=DIRECTION('',(0.,1.,0.));
#1784=DIRECTION('',(-1.,0.,0.));
#1785=DIRECTION('',(0.,0.,1.));
#1786=DIRECTION('',(-1.,0.,0.));
#1787=DIRECTION('',(0.,0.,1.));
#1788=DIRECTION('',(-1.,0.,0.));
#1789=DIRECTION('',(0.,0.,1.));
#1790=DIRECTION('',(-1.,0.,0.));
#1791=DIRECTION('',(0.,0.,1.));
#1792=DIRECTION('',(-1.,0.,0.));
#1793=DIRECTION('',(0.,0.,1.));
#1794=DIRECTION('',(-1.,0.,0.));
#1795=DIRECTION('',(0.,0.,1.));
#1796=DIRECTION('',(0.,1.79454152687256E-16,-1.));
#1797=DIRECTION('',(-1.,0.,0.));
#1798=DIRECTION('',(0.,0.,1.));
#1799=DIRECTION('',(0.,-1.,0.));
#1800=DIRECTION('',(-1.,0.,0.));
#1801=DIRECTION('',(0.,0.,1.));
#1802=DIRECTION('',(0.,1.79454152687256E-16,-1.));
#1803=DIRECTION('',(-1.,0.,0.));
#1804=DIRECTION('',(0.,0.,1.));
#1805=DIRECTION('',(0.,-1.,0.));
#1806=DIRECTION('',(-1.,0.,0.));
#1807=DIRECTION('',(0.,0.,1.));
#1808=DIRECTION('',(0.,0.,1.));
#1809=DIRECTION('',(0.,-1.,0.));
#1810=DIRECTION('',(0.,0.,1.));
#1811=DIRECTION('',(0.,-1.,0.));
#1812=DIRECTION('',(0.,2.31296463463574E-16,-1.));
#1813=DIRECTION('',(0.,-1.,0.));
#1814=DIRECTION('',(0.,0.,-1.));
#1815=DIRECTION('',(0.,-1.,0.));
#1816=DIRECTION('',(1.,0.,0.));
#1817=DIRECTION('',(0.,0.,-1.));
#1818=DIRECTION('',(1.,0.,0.));
#1819=DIRECTION('',(0.,0.,-1.));
#1820=DIRECTION('',(-1.,0.,0.));
#1821=DIRECTION('',(0.,0.,1.));
#1822=DIRECTION('',(0.,1.,0.));
#1823=DIRECTION('',(0.,0.,1.));
#1824=DIRECTION('',(1.,0.,0.));
#1825=DIRECTION('',(0.,0.,1.));
#1826=DIRECTION('',(1.,0.,0.));
#1827=DIRECTION('',(0.,0.,1.));
#1828=DIRECTION('',(0.,0.,-1.));
#1829=DIRECTION('',(-1.,0.,0.));
#1830=DIRECTION('',(0.,1.,0.));
#1831=DIRECTION('',(0.,1.,0.));
#1832=DIRECTION('',(1.,0.,0.));
#1833=DIRECTION('',(0.,1.,0.));
#1834=DIRECTION('',(0.,0.,1.));
#1835=DIRECTION('',(0.,0.,1.));
#1836=DIRECTION('',(0.,0.,1.));
#1837=DIRECTION('',(1.,0.,0.));
#1838=DIRECTION('',(0.,1.83568621796487E-16,-1.));
#1839=DIRECTION('',(0.,1.,1.83568621796487E-16));
#1840=DIRECTION('',(0.,1.,1.83568621796487E-16));
#1841=DIRECTION('',(0.,1.,1.83568621796487E-16));
#1842=DIRECTION('',(0.,0.,1.));
#1843=DIRECTION('',(1.,0.,0.));
#1844=DIRECTION('',(1.,0.,0.));
#1845=DIRECTION('',(0.,-1.,0.));
#1846=DIRECTION('',(1.,0.,0.));
#1847=DIRECTION('',(0.,-1.,0.));
#1848=DIRECTION('',(0.,0.,1.));
#1849=DIRECTION('',(1.,0.,0.));
#1850=DIRECTION('',(0.,-1.,0.));
#1851=DIRECTION('',(1.,0.,0.));
#1852=DIRECTION('',(0.,-1.,0.));
#1853=DIRECTION('',(1.,0.,0.));
#1854=DIRECTION('',(0.,0.,1.));
#1855=DIRECTION('',(1.,0.,0.));
#1856=DIRECTION('',(1.,0.,0.));
#1857=DIRECTION('',(0.,-1.,0.));
#1858=DIRECTION('',(1.,0.,0.));
#1859=DIRECTION('',(0.,-1.,0.));
#1860=DIRECTION('',(0.,0.,1.));
#1861=DIRECTION('',(1.,0.,0.));
#1862=DIRECTION('',(0.,-1.,0.));
#1863=DIRECTION('',(1.,0.,0.));
#1864=DIRECTION('',(0.,-1.,0.));
#1865=DIRECTION('',(1.,0.,0.));
#1866=DIRECTION('',(1.,0.,0.));
#1867=DIRECTION('',(0.,6.12323399573677E-17,1.));
#1868=DIRECTION('',(1.,0.,0.));
#1869=DIRECTION('',(0.,0.,-1.));
#1870=DIRECTION('',(1.,0.,0.));
#1871=DIRECTION('',(0.,0.,-1.));
#1872=DIRECTION('',(1.,0.,0.));
#1873=DIRECTION('',(0.,0.,-1.));
#1874=DIRECTION('',(1.,0.,0.));
#1875=DIRECTION('',(0.,0.,-1.));
#1876=DIRECTION('',(1.,0.,0.));
#1877=DIRECTION('',(0.,0.,-1.));
#1878=DIRECTION('',(1.,0.,0.));
#1879=DIRECTION('',(0.,0.,-1.));
#1880=DIRECTION('',(0.,-1.,6.12323399573677E-17));
#1881=DIRECTION('',(0.,6.12323399573677E-17,1.));
#1882=DIRECTION('',(0.,1.,-6.12323399573677E-17));
#1883=DIRECTION('',(0.,6.12323399573677E-17,1.));
#1884=DIRECTION('',(0.,1.,-6.12323399573677E-17));
#1885=DIRECTION('',(0.,-6.12323399573677E-17,-1.));
#1886=DIRECTION('',(0.,-1.,6.12323399573677E-17));
#1887=DIRECTION('',(0.,-6.12323399573677E-17,-1.));
#1888=DIRECTION('',(0.,-1.,6.12323399573677E-17));
#1889=DIRECTION('',(0.,6.12323399573677E-17,1.));
#1890=DIRECTION('',(0.,-1.,6.12323399573677E-17));
#1891=DIRECTION('',(0.,6.12323399573677E-17,1.));
#1892=DIRECTION('',(1.,0.,0.));
#1893=DIRECTION('',(0.,1.,-6.12323399573677E-17));
#1894=DIRECTION('',(1.,0.,0.));
#1895=DIRECTION('',(0.,1.,-6.12323399573677E-17));
#1896=DIRECTION('',(-1.,0.,0.));
#1897=DIRECTION('',(0.,1.,-6.12323399573677E-17));
#1898=DIRECTION('',(-1.,0.,0.));
#1899=DIRECTION('',(0.,1.,-6.12323399573677E-17));
#1900=DIRECTION('',(0.,0.,-1.));
#1901=DIRECTION('',(0.,1.,0.));
#1902=DIRECTION('',(0.,0.,-1.));
#1903=DIRECTION('',(0.,1.,0.));
#1904=DIRECTION('',(0.,0.,1.));
#1905=DIRECTION('',(0.,2.31296463463574E-16,1.));
#1906=DIRECTION('',(0.,4.62592926927149E-16,1.));
#1907=DIRECTION('',(0.,4.62592926927149E-16,1.));
#1908=DIRECTION('',(1.,0.,0.));
#1909=DIRECTION('',(0.,6.12323399573677E-17,1.));
#1910=DIRECTION('',(0.,-1.,6.12323399573677E-17));
#1911=DIRECTION('',(0.,6.12323399573677E-17,1.));
#1912=DIRECTION('',(0.,-1.,6.12323399573677E-17));
#1913=DIRECTION('',(0.,6.12323399573677E-17,1.));
#1914=DIRECTION('',(0.,-1.,6.12323399573677E-17));
#1915=DIRECTION('',(0.,-6.12323399573677E-17,-1.));
#1916=DIRECTION('',(0.,-1.,6.12323399573677E-17));
#1917=DIRECTION('',(0.,-6.12323399573677E-17,-1.));
#1918=DIRECTION('',(0.,1.,-6.12323399573677E-17));
#1919=DIRECTION('',(0.,6.12323399573677E-17,1.));
#1920=DIRECTION('',(0.,1.,-6.12323399573677E-17));
#1921=DIRECTION('',(0.,6.12323399573677E-17,1.));
#1922=DIRECTION('',(1.,0.,0.));
#1923=DIRECTION('',(0.,1.,-6.12323399573677E-17));
#1924=DIRECTION('',(1.,0.,0.));
#1925=DIRECTION('',(0.,1.,-6.12323399573677E-17));
#1926=DIRECTION('',(-1.,0.,0.));
#1927=DIRECTION('',(0.,1.,-6.12323399573677E-17));
#1928=DIRECTION('',(-1.,0.,0.));
#1929=DIRECTION('',(0.,1.,-6.12323399573677E-17));
#1930=DIRECTION('',(-1.,0.,0.));
#1931=DIRECTION('',(0.,0.,1.));
#1932=DIRECTION('',(0.,1.79454152687256E-16,-1.));
#1933=DIRECTION('',(-1.,0.,0.));
#1934=DIRECTION('',(0.,0.,1.));
#1935=DIRECTION('',(0.,-1.,0.));
#1936=DIRECTION('',(-1.,0.,0.));
#1937=DIRECTION('',(0.,0.,1.));
#1938=DIRECTION('',(0.,1.79454152687256E-16,-1.));
#1939=DIRECTION('',(-1.,0.,0.));
#1940=DIRECTION('',(0.,0.,1.));
#1941=DIRECTION('',(0.,-1.,0.));
#1942=DIRECTION('',(0.,-6.12323399573677E-17,-1.));
#1943=DIRECTION('',(0.,1.,-6.12323399573677E-17));
#1944=DIRECTION('',(-1.,0.,0.));
#1945=DIRECTION('',(-1.,0.,0.));
#1946=DIRECTION('',(0.,-1.,6.12323399573677E-17));
#1947=DIRECTION('',(1.,0.,0.));
#1948=DIRECTION('',(-1.,0.,0.));
#1949=DIRECTION('',(0.,6.12323399573677E-17,1.));
#1950=DIRECTION('',(0.,-1.,6.12323399573677E-17));
#1951=DIRECTION('',(-1.,0.,0.));
#1952=DIRECTION('',(0.,-1.,6.12323399573677E-17));
#1953=DIRECTION('',(1.,0.,0.));
#1954=DIRECTION('',(-1.,0.,0.));
#1955=DIRECTION('',(0.,6.12323399573677E-17,1.));
#1956=DIRECTION('',(0.,-1.,6.12323399573677E-17));
#1957=DIRECTION('',(-1.,0.,0.));
#1958=DIRECTION('',(0.,1.,-6.12323399573677E-17));
#1959=DIRECTION('',(-1.,0.,0.));
#1960=DIRECTION('',(-1.,0.,0.));
#1961=DIRECTION('',(0.,-6.12323399573677E-17,-1.));
#1962=DIRECTION('',(0.,1.,-6.12323399573677E-17));
#1963=DIRECTION('',(-1.,0.,0.));
#1964=DIRECTION('',(0.,1.,-6.12323399573677E-17));
#1965=DIRECTION('',(-1.,0.,0.));
#1966=DIRECTION('',(-1.,0.,0.));
#1967=DIRECTION('',(0.,-6.12323399573677E-17,-1.));
#1968=DIRECTION('',(0.,1.,-6.12323399573677E-17));
#1969=DIRECTION('',(-1.,0.,0.));
#1970=DIRECTION('',(0.,-1.,6.12323399573677E-17));
#1971=DIRECTION('',(1.,0.,0.));
#1972=DIRECTION('',(-1.,0.,0.));
#1973=DIRECTION('',(0.,-6.12323399573677E-17,-1.));
#1974=DIRECTION('',(0.,1.,-6.12323399573677E-17));
#1975=DIRECTION('',(-1.,0.,0.));
#1976=DIRECTION('',(-1.,0.,0.));
#1977=DIRECTION('',(0.,-1.,6.12323399573677E-17));
#1978=DIRECTION('',(-1.,0.,0.));
#1979=DIRECTION('',(0.,-1.,6.12323399573677E-17));
#1980=DIRECTION('',(-1.,0.,0.));
#1981=DIRECTION('',(0.,-1.,6.12323399573677E-17));
#1982=DIRECTION('',(0.,-1.,6.12323399573677E-17));
#1983=DIRECTION('',(1.,0.,0.));
#1984=DIRECTION('',(-1.,0.,0.));
#1985=DIRECTION('',(0.,-1.,6.12323399573677E-17));
#1986=DIRECTION('',(0.,-1.,-1.79454152687256E-16));
#1987=DIRECTION('',(0.,1.79454152687256E-16,-1.));
#1988=DIRECTION('',(1.,0.,0.));
#1989=DIRECTION('',(1.,0.,0.));
#1990=DIRECTION('',(1.,0.,0.));
#1991=DIRECTION('',(0.,0.,-1.));
#1992=DIRECTION('',(1.,0.,0.));
#1993=DIRECTION('',(0.,0.,1.));
#1994=DIRECTION('',(1.,0.,0.));
#1995=DIRECTION('',(1.,0.,0.));
#1996=DIRECTION('',(1.,0.,0.));
#1997=DIRECTION('',(0.,0.,-1.));
#1998=DIRECTION('',(1.,0.,0.));
#1999=DIRECTION('',(0.,-1.,-1.79454152687256E-16));
#2000=DIRECTION('',(0.,1.79454152687256E-16,-1.));
#2001=DIRECTION('',(1.,0.,0.));
#2002=DIRECTION('',(1.,0.,0.));
#2003=DIRECTION('',(0.,0.,-1.));
#2004=DIRECTION('',(1.,0.,0.));
#2005=DIRECTION('',(0.,0.,1.));
#2006=DIRECTION('',(1.,0.,0.));
#2007=DIRECTION('',(1.,0.,0.));
#2008=DIRECTION('',(1.,0.,0.));
#2009=DIRECTION('',(0.,0.,-1.));
#2010=DIRECTION('',(0.,0.,-1.));
#2011=DIRECTION('',(-1.,0.,0.));
#2012=DIRECTION('',(1.,0.,0.));
#2013=DIRECTION('',(1.,0.,0.));
#2014=DIRECTION('',(0.,-1.,0.));
#2015=DIRECTION('',(0.,0.,-1.));
#2016=DIRECTION('',(1.,0.,0.));
#2017=DIRECTION('',(0.,0.,-1.));
#2018=DIRECTION('',(-1.,0.,0.));
#2019=DIRECTION('',(1.,0.,0.));
#2020=DIRECTION('',(0.,-1.,0.));
#2021=DIRECTION('',(0.,0.,-1.));
#2022=DIRECTION('',(1.,0.,0.));
#2023=DIRECTION('',(0.,0.,-1.));
#2024=DIRECTION('',(1.,0.,0.));
#2025=DIRECTION('',(0.,0.,-1.));
#2026=DIRECTION('',(1.,0.,0.));
#2027=DIRECTION('',(0.,0.,-1.));
#2028=DIRECTION('',(1.,0.,0.));
#2029=DIRECTION('',(0.,0.,-1.));
#2030=DIRECTION('',(1.,0.,0.));
#2031=DIRECTION('',(0.,0.,-1.));
#2032=DIRECTION('',(0.,1.,0.));
#2033=DIRECTION('',(0.,0.,1.));
#2034=DIRECTION('',(-1.,0.,0.));
#2035=DIRECTION('',(0.,0.,1.));
#2036=DIRECTION('',(0.,0.,1.));
#2037=DIRECTION('',(-1.,0.,0.));
#2038=DIRECTION('',(0.,1.,-2.31296463463574E-16));
#2039=DIRECTION('',(0.,2.31296463463574E-16,1.));
#2040=DIRECTION('',(-1.,0.,0.));
#2041=DIRECTION('',(0.,0.,1.));
#2042=DIRECTION('',(0.,0.,1.));
#2043=DIRECTION('',(-1.,0.,0.));
#2044=DIRECTION('',(0.,1.,-4.62592926927149E-16));
#2045=DIRECTION('',(0.,4.62592926927149E-16,1.));
#2046=DIRECTION('',(-1.,0.,0.));
#2047=DIRECTION('',(0.,0.,1.));
#2048=DIRECTION('',(0.,0.,1.));
#2049=DIRECTION('',(-1.,0.,0.));
#2050=DIRECTION('',(0.,1.,-4.62592926927149E-16));
#2051=DIRECTION('',(0.,4.62592926927149E-16,1.));
#2052=DIRECTION('',(-1.,0.,0.));
#2053=DIRECTION('',(0.,0.,1.));
#2054=DIRECTION('',(0.,0.,1.));
#2055=DIRECTION('',(-1.,0.,0.));
#2056=DIRECTION('',(1.,0.,0.));
#2057=DIRECTION('',(0.,0.,-1.));
#2058=DIRECTION('',(-1.,0.,0.));
#2059=DIRECTION('',(0.,-1.,0.));
#2060=DIRECTION('',(0.,1.,0.));
#2061=DIRECTION('',(0.,0.,1.));
#2062=DIRECTION('',(1.,0.,0.));
#2063=DIRECTION('',(0.,0.,1.));
#2064=DIRECTION('',(1.,0.,0.));
#2065=DIRECTION('',(0.,1.,0.));
#2066=DIRECTION('',(-1.,0.,0.));
#2067=DIRECTION('',(0.,-1.,0.));
#2068=DIRECTION('',(-1.,0.,0.));
#2069=DIRECTION('',(0.,-1.,0.));
#2070=DIRECTION('',(0.,1.,0.));
#2071=DIRECTION('',(0.,0.,1.));
#2072=DIRECTION('',(1.,0.,0.));
#2073=DIRECTION('',(0.,0.,1.));
#2074=DIRECTION('',(1.,0.,0.));
#2075=DIRECTION('',(0.,1.,0.));
#2076=DIRECTION('',(-1.,0.,0.));
#2077=DIRECTION('',(0.,-1.,0.));
#2078=DIRECTION('',(0.,0.,-1.));
#2079=DIRECTION('',(-1.,0.,0.));
#2080=DIRECTION('',(-1.,0.,0.));
#2081=DIRECTION('',(0.,-1.,0.));
#2082=DIRECTION('',(-1.,0.,0.));
#2083=DIRECTION('',(0.,1.,2.31296463463574E-16));
#2084=DIRECTION('',(0.,-2.31296463463574E-16,1.));
#2085=DIRECTION('',(-1.,0.,0.));
#2086=DIRECTION('',(0.,2.31296463463574E-16,-1.));
#2087=DIRECTION('',(0.,0.,-1.));
#2088=DIRECTION('',(-1.,0.,0.));
#2089=DIRECTION('',(-1.,0.,0.));
#2090=DIRECTION('',(0.,-1.,0.));
#2091=DIRECTION('',(0.,1.,0.));
#2092=DIRECTION('',(0.,0.,1.));
#2093=DIRECTION('',(0.,0.,-1.));
#2094=DIRECTION('',(-1.,0.,0.));
#2095=DIRECTION('',(0.,-1.,0.));
#2096=DIRECTION('',(-1.,0.,0.));
#2097=DIRECTION('',(0.,-1.,0.));
#2098=DIRECTION('',(0.,1.,0.));
#2099=DIRECTION('',(0.,0.,1.));
#2100=DIRECTION('',(0.,1.,0.));
#2101=DIRECTION('',(0.,0.,1.));
#2102=DIRECTION('',(0.,0.,1.));
#2103=DIRECTION('',(1.,0.,0.));
#2104=DIRECTION('',(-1.,0.,0.));
#2105=DIRECTION('',(-1.,0.,0.));
#2106=DIRECTION('',(0.,-1.,0.));
#2107=DIRECTION('',(0.,0.,-1.));
#2108=DIRECTION('',(-1.,0.,0.));
#2109=DIRECTION('',(0.,0.,1.));
#2110=DIRECTION('',(1.,0.,0.));
#2111=DIRECTION('',(-1.,0.,0.));
#2112=DIRECTION('',(0.,-1.,0.));
#2113=DIRECTION('',(0.,0.,-1.));
#2114=DIRECTION('',(0.,1.,0.));
#2115=DIRECTION('',(0.,0.,1.));
#2116=DIRECTION('',(0.,0.,1.));
#2117=DIRECTION('',(1.,0.,0.));
#2118=DIRECTION('',(1.,0.,0.));
#2119=DIRECTION('',(0.,0.,1.));
#2120=DIRECTION('',(1.,0.,0.));
#2121=DIRECTION('',(1.,0.,0.));
#2122=DIRECTION('',(0.,-1.,0.));
#2123=DIRECTION('',(1.,0.,0.));
#2124=DIRECTION('',(0.,1.,-2.02384405530627E-16));
#2125=DIRECTION('',(0.,2.02384405530627E-16,1.));
#2126=DIRECTION('',(0.,2.02384405530627E-16,1.));
#2127=DIRECTION('',(1.,0.,0.));
#2128=DIRECTION('',(1.,0.,0.));
#2129=DIRECTION('',(0.,0.,1.));
#2130=DIRECTION('',(1.,0.,0.));
#2131=DIRECTION('',(0.,-1.,0.));
#2132=DIRECTION('',(1.,0.,0.));
#2133=DIRECTION('',(1.,0.,0.));
#2134=DIRECTION('',(-1.,0.,0.));
#2135=DIRECTION('',(0.,-1.,0.));
#2136=DIRECTION('',(0.,2.02384405530627E-16,1.));
#2137=DIRECTION('',(0.,-1.,0.));
#2138=DIRECTION('',(0.,0.,1.));
#2139=DIRECTION('',(0.,-1.,0.));
#2140=DIRECTION('',(1.,0.,0.));
#2141=DIRECTION('',(0.,0.,-1.));
#2142=DIRECTION('',(-1.,0.,0.));
#2143=DIRECTION('',(0.,0.,1.));
#2144=DIRECTION('',(0.,1.,-8.67361737988403E-16));
#2145=DIRECTION('',(0.,8.67361737988403E-16,1.));
#2146=DIRECTION('',(0.,1.,0.));
#2147=DIRECTION('',(0.,0.,1.));
#2148=DIRECTION('',(8.67361737988403E-16,0.,1.));
#2149=DIRECTION('',(1.,0.,-8.67361737988403E-16));
#2150=DIRECTION('',(-1.,0.,0.));
#2151=DIRECTION('',(0.,0.,1.));
#2152=DIRECTION('',(-1.,0.,0.));
#2153=DIRECTION('',(0.,0.,1.));
#2154=DIRECTION('',(0.,0.,1.));
#2155=DIRECTION('',(1.,0.,0.));
#2156=DIRECTION('',(0.,0.,-1.));
#2157=DIRECTION('',(-1.,0.,0.));
#2158=DIRECTION('',(0.,-1.,0.));
#2159=DIRECTION('',(0.,0.,-1.));
#2160=DIRECTION('',(0.,-1.,0.));
#2161=DIRECTION('',(0.,0.,-1.));
#2162=DIRECTION('',(-1.,0.,0.));
#2163=DIRECTION('',(0.,0.,1.));
#2164=DIRECTION('',(-1.,0.,0.));
#2165=DIRECTION('',(0.,0.,1.));
#2166=DIRECTION('',(0.,1.,0.));
#2167=DIRECTION('',(0.,0.,1.));
#2168=DIRECTION('',(0.,1.,0.));
#2169=DIRECTION('',(0.,0.,1.));
#2170=DIRECTION('',(0.,0.,1.));
#2171=DIRECTION('',(1.,0.,0.));
#2172=DIRECTION('',(0.,2.02384405530627E-16,1.));
#2173=DIRECTION('',(0.,-1.,2.02384405530627E-16));
#2174=DIRECTION('',(0.,1.,0.));
#2175=DIRECTION('',(0.,0.,1.));
#2176=DIRECTION('',(0.,-1.,-8.67361737988403E-16));
#2177=DIRECTION('',(0.,8.67361737988403E-16,-1.));
#2178=DIRECTION('',(0.,-2.02384405530627E-16,-1.));
#2179=DIRECTION('',(0.,1.,-2.02384405530627E-16));
#2180=DIRECTION('',(0.,0.,-1.));
#2181=DIRECTION('',(-1.,0.,0.));
#2182=DIRECTION('',(-1.,-8.67361737988404E-16,0.));
#2183=DIRECTION('',(8.67361737988404E-16,-1.,0.));
#2184=DIRECTION('',(-1.,0.,0.));
#2185=DIRECTION('',(0.,0.,1.));
#2186=DIRECTION('',(1.,0.,0.));
#2187=DIRECTION('',(0.,0.,-1.));
#2188=CARTESIAN_POINT('',(0.,0.,0.));
#2189=CARTESIAN_POINT('',(-0.003,0.,1.38777878078145E-17));
#2190=CARTESIAN_POINT('',(-0.003,0.033,-0.058));
#2191=CARTESIAN_POINT('',(-0.003,0.056,-0.058));
#2192=CARTESIAN_POINT('',(-0.003,0.01,-0.058));
#2193=CARTESIAN_POINT('',(-0.003,0.056,-0.056));
#2194=CARTESIAN_POINT('',(-0.003,0.058,-0.056));
#2195=CARTESIAN_POINT('',(-0.003,0.058,-0.028));
#2196=CARTESIAN_POINT('',(-0.003,0.058,1.38777878078145E-17));
#2197=CARTESIAN_POINT('',(-0.003,0.056,1.38777878078145E-17));
#2198=CARTESIAN_POINT('',(-0.003,0.056,0.002));
#2199=CARTESIAN_POINT('',(-0.003,0.033,0.002));
#2200=CARTESIAN_POINT('',(-0.003,0.01,0.002));
#2201=CARTESIAN_POINT('',(-0.003,0.01,1.56125112837912E-17));
#2202=CARTESIAN_POINT('',(-0.003,0.008,1.7347234759768E-17));
#2203=CARTESIAN_POINT('',(-0.003,0.008,-0.028));
#2204=CARTESIAN_POINT('',(-0.003,0.008,-0.056));
#2205=CARTESIAN_POINT('',(-0.003,0.01,-0.056));
#2206=CARTESIAN_POINT('',(-0.003,-0.02,0.055));
#2207=CARTESIAN_POINT('',(-0.003,-0.0244,0.055));
#2208=CARTESIAN_POINT('',(-0.003,-0.0156,0.055));
#2209=CARTESIAN_POINT('',(-0.003,-0.0244,1.95214215163257E-17));
#2210=CARTESIAN_POINT('',(-0.003,-0.0244,0.035));
#2211=CARTESIAN_POINT('',(-0.003,-0.02,0.035));
#2212=CARTESIAN_POINT('',(-0.003,-0.0156,0.035));
#2213=CARTESIAN_POINT('',(-0.003,-0.0156,1.38777878078145E-17));
#2214=CARTESIAN_POINT('',(-0.003,-0.045,0.055));
#2215=CARTESIAN_POINT('',(-0.003,-0.0494,0.055));
#2216=CARTESIAN_POINT('',(-0.003,-0.0406,0.055));
#2217=CARTESIAN_POINT('',(-0.003,-0.0494,3.67298783980156E-17));
#2218=CARTESIAN_POINT('',(-0.003,-0.0494,0.035));
#2219=CARTESIAN_POINT('',(-0.003,-0.045,0.035));
#2220=CARTESIAN_POINT('',(-0.003,-0.0406,0.035));
#2221=CARTESIAN_POINT('',(-0.003,-0.0406,3.26590606410567E-17));
#2222=CARTESIAN_POINT('',(-0.003,0.021925,0.045));
#2223=CARTESIAN_POINT('',(-0.003,0.021925,0.041925));
#2224=CARTESIAN_POINT('',(-0.003,0.021925,0.048075));
#2225=CARTESIAN_POINT('',(-0.003,0.025,0.041925));
#2226=CARTESIAN_POINT('',(-0.003,0.028075,0.041925));
#2227=CARTESIAN_POINT('',(-0.003,0.028075,0.045));
#2228=CARTESIAN_POINT('',(-0.003,0.028075,0.048075));
#2229=CARTESIAN_POINT('',(-0.003,0.025,0.048075));
#2230=CARTESIAN_POINT('',(-0.003,-0.02,0.025));
#2231=CARTESIAN_POINT('',(-0.003,-0.02,0.030425));
#2232=CARTESIAN_POINT('',(-0.003,0.035,0.045));
#2233=CARTESIAN_POINT('',(-0.003,0.035,0.04675));
#2234=CARTESIAN_POINT('',(-0.003,-0.045,0.025));
#2235=CARTESIAN_POINT('',(-0.003,-0.045,0.030425));
#2236=CARTESIAN_POINT('',(-0.003,-0.0126,-0.03955));
#2237=CARTESIAN_POINT('',(-0.003,-0.0126,-0.038125));
#2238=CARTESIAN_POINT('',(-0.003,-0.0524,-0.03955));
#2239=CARTESIAN_POINT('',(-0.003,-0.0524,-0.038125));
#2240=CARTESIAN_POINT('',(-0.003,0.04,0.045));
#2241=CARTESIAN_POINT('',(-0.003,0.04,0.04675));
#2242=CARTESIAN_POINT('',(-0.003,-0.06,-6.93889390390723E-18));
#2243=CARTESIAN_POINT('',(-0.003,-0.06,0.058));
#2244=CARTESIAN_POINT('',(-0.003,-0.06,-0.058));
#2245=CARTESIAN_POINT('',(-0.003,-0.058,0.058));
#2246=CARTESIAN_POINT('',(-0.003,-0.058,0.06));
#2247=CARTESIAN_POINT('',(-0.003,0.,0.06));
#2248=CARTESIAN_POINT('',(-0.003,0.058,0.06));
#2249=CARTESIAN_POINT('',(-0.003,0.058,0.058));
#2250=CARTESIAN_POINT('',(-0.003,0.06,0.058));
#2251=CARTESIAN_POINT('',(-0.003,0.06,-6.93889390390723E-18));
#2252=CARTESIAN_POINT('',(-0.003,0.06,-0.058));
#2253=CARTESIAN_POINT('',(-0.003,0.058,-0.058));
#2254=CARTESIAN_POINT('',(-0.003,0.058,-0.06));
#2255=CARTESIAN_POINT('',(-0.003,2.08166817117217E-17,-0.06));
#2256=CARTESIAN_POINT('',(-0.003,-0.058,-0.06));
#2257=CARTESIAN_POINT('',(-0.003,-0.058,-0.058));
#2258=CARTESIAN_POINT('',(-0.003,-0.0186,1.38777878078145E-17));
#2259=CARTESIAN_POINT('',(-0.003,-0.0186,-0.05));
#2260=CARTESIAN_POINT('',(-0.003,-0.0186,-0.0291));
#2261=CARTESIAN_POINT('',(-0.003,0.,-0.0291));
#2262=CARTESIAN_POINT('',(-0.003,-0.0464,-0.0291));
#2263=CARTESIAN_POINT('',(-0.003,-0.0464,1.38777878078145E-17));
#2264=CARTESIAN_POINT('',(-0.003,-0.0464,-0.05));
#2265=CARTESIAN_POINT('',(-0.003,0.,-0.05));
#2266=CARTESIAN_POINT('',(-0.003,-0.0175,-0.0147));
#2267=CARTESIAN_POINT('',(-0.003,-0.0175,-0.0072));
#2268=CARTESIAN_POINT('',(-0.003,-0.0175,-0.0222));
#2269=CARTESIAN_POINT('',(-0.003,-0.0325,-0.0072));
#2270=CARTESIAN_POINT('',(-0.003,-0.0475,-0.0072));
#2271=CARTESIAN_POINT('',(-0.003,-0.0475,-0.0147));
#2272=CARTESIAN_POINT('',(-0.003,-0.0475,-0.0222));
#2273=CARTESIAN_POINT('',(-0.003,-0.0325,-0.0222));
#2274=CARTESIAN_POINT('',(-0.0235,0.025,0.045));
#2275=CARTESIAN_POINT('',(0.0015,0.025,0.045));
#2276=CARTESIAN_POINT('',(0.0015,0.025,0.04305));
#2277=CARTESIAN_POINT('',(0.,0.025,0.045));
#2278=CARTESIAN_POINT('',(0.,0.025,0.04695));
#2279=CARTESIAN_POINT('',(-0.0235,-0.04195,-0.0147));
#2280=CARTESIAN_POINT('',(-0.0235,-0.04195,-0.0211));
#2281=CARTESIAN_POINT('',(0.,-0.04195,-0.0211));
#2282=CARTESIAN_POINT('',(0.0015,-0.04195,-0.0211));
#2283=CARTESIAN_POINT('',(0.,-0.04195,-0.0147));
#2284=CARTESIAN_POINT('',(0.,-0.04195,-0.0083));
#2285=CARTESIAN_POINT('',(-0.0235,-0.04195,-0.0083));
#2286=CARTESIAN_POINT('',(0.0015,-0.04195,-0.0083));
#2287=CARTESIAN_POINT('',(0.0015,-0.04195,-0.0147));
#2288=CARTESIAN_POINT('',(-0.0235,-0.0325,-0.0211));
#2289=CARTESIAN_POINT('',(0.,-0.0325,-0.0211));
#2290=CARTESIAN_POINT('',(0.,-0.02305,-0.0211));
#2291=CARTESIAN_POINT('',(0.0015,-0.0325,-0.0211));
#2292=CARTESIAN_POINT('',(0.0015,-0.02305,-0.0211));
#2293=CARTESIAN_POINT('',(-0.0235,-0.02305,-0.0211));
#2294=CARTESIAN_POINT('',(-0.0235,-0.02305,-0.0147));
#2295=CARTESIAN_POINT('',(0.,-0.02305,-0.0147));
#2296=CARTESIAN_POINT('',(0.,-0.02305,-0.0083));
#2297=CARTESIAN_POINT('',(0.0015,-0.02305,-0.0147));
#2298=CARTESIAN_POINT('',(0.0015,-0.02305,-0.0083));
#2299=CARTESIAN_POINT('',(-0.0235,-0.02305,-0.0083));
#2300=CARTESIAN_POINT('',(-0.0235,-0.0325,-0.0083));
#2301=CARTESIAN_POINT('',(0.,-0.0325,-0.0083));
#2302=CARTESIAN_POINT('',(0.0015,-0.0325,-0.0083));
#2303=CARTESIAN_POINT('',(-0.0235,-0.02,0.0375));
#2304=CARTESIAN_POINT('',(-0.0235,-0.0156,0.0375));
#2305=CARTESIAN_POINT('',(0.,-0.0156,0.0375));
#2306=CARTESIAN_POINT('',(0.0015,-0.0156,0.0375));
#2307=CARTESIAN_POINT('',(0.,-0.02,0.0375));
#2308=CARTESIAN_POINT('',(0.,-0.0244,0.0375));
#2309=CARTESIAN_POINT('',(-0.0235,-0.0244,0.0375));
#2310=CARTESIAN_POINT('',(0.0015,-0.0244,0.0375));
#2311=CARTESIAN_POINT('',(0.0015,-0.02,0.0375));
#2312=CARTESIAN_POINT('',(-0.0235,-0.02,0.0525));
#2313=CARTESIAN_POINT('',(0.,-0.02,0.0525));
#2314=CARTESIAN_POINT('',(0.,-0.0156,0.0525));
#2315=CARTESIAN_POINT('',(0.,-0.0244,0.0525));
#2316=CARTESIAN_POINT('',(-0.0235,-0.0156,0.0525));
#2317=CARTESIAN_POINT('',(0.0015,-0.0156,0.0525));
#2318=CARTESIAN_POINT('',(0.0015,-0.02,0.0525));
#2319=CARTESIAN_POINT('',(0.0015,-0.0244,0.0525));
#2320=CARTESIAN_POINT('',(-0.0235,-0.0244,0.0525));
#2321=CARTESIAN_POINT('',(-0.0235,-0.045,0.0375));
#2322=CARTESIAN_POINT('',(-0.0235,-0.0406,0.0375));
#2323=CARTESIAN_POINT('',(0.,-0.0406,0.0375));
#2324=CARTESIAN_POINT('',(0.0015,-0.0406,0.0375));
#2325=CARTESIAN_POINT('',(0.,-0.045,0.0375));
#2326=CARTESIAN_POINT('',(0.,-0.0494,0.0375));
#2327=CARTESIAN_POINT('',(-0.0235,-0.0494,0.0375));
#2328=CARTESIAN_POINT('',(0.0015,-0.0494,0.0375));
#2329=CARTESIAN_POINT('',(0.0015,-0.045,0.0375));
#2330=CARTESIAN_POINT('',(-0.0235,-0.045,0.0525));
#2331=CARTESIAN_POINT('',(0.,-0.045,0.0525));
#2332=CARTESIAN_POINT('',(0.,-0.0406,0.0525));
#2333=CARTESIAN_POINT('',(0.,-0.0494,0.0525));
#2334=CARTESIAN_POINT('',(-0.0235,-0.0406,0.0525));
#2335=CARTESIAN_POINT('',(0.0015,-0.0406,0.0525));
#2336=CARTESIAN_POINT('',(0.0015,-0.045,0.0525));
#2337=CARTESIAN_POINT('',(0.0015,-0.0494,0.0525));
#2338=CARTESIAN_POINT('',(-0.0235,-0.0494,0.0525));
#2339=CARTESIAN_POINT('',(0.0015,0.,0.));
#2340=CARTESIAN_POINT('',(0.0015,-0.02,0.025));
#2341=CARTESIAN_POINT('',(0.0015,-0.02,0.019575));
#2342=CARTESIAN_POINT('',(0.0015,0.035,0.045));
#2343=CARTESIAN_POINT('',(0.0015,0.035,0.04325));
#2344=CARTESIAN_POINT('',(0.0015,-0.045,0.025));
#2345=CARTESIAN_POINT('',(0.0015,-0.045,0.019575));
#2346=CARTESIAN_POINT('',(0.0015,-0.0126,-0.03955));
#2347=CARTESIAN_POINT('',(0.0015,-0.0126,-0.040975));
#2348=CARTESIAN_POINT('',(0.0015,-0.0524,-0.03955));
#2349=CARTESIAN_POINT('',(0.0015,-0.0524,-0.040975));
#2350=CARTESIAN_POINT('',(0.0015,0.04,0.045));
#2351=CARTESIAN_POINT('',(0.0015,0.04,0.04325));
#2352=CARTESIAN_POINT('',(0.0015,-0.065625,-0.062));
#2353=CARTESIAN_POINT('',(0.0015,0.06625,-0.062));
#2354=CARTESIAN_POINT('',(0.0015,-0.06625,-0.062));
#2355=CARTESIAN_POINT('',(0.0015,0.06625,-0.05875));
#2356=CARTESIAN_POINT('',(0.0015,0.06625,-0.0555));
#2357=CARTESIAN_POINT('',(0.0015,0.065625,-0.0555));
#2358=CARTESIAN_POINT('',(0.0015,0.065,-0.0555));
#2359=CARTESIAN_POINT('',(0.0015,0.065,-1.09189960011361E-17));
#2360=CARTESIAN_POINT('',(0.0015,0.065,0.0555));
#2361=CARTESIAN_POINT('',(0.0015,0.065625,0.0555));
#2362=CARTESIAN_POINT('',(0.0015,0.06625,0.0555));
#2363=CARTESIAN_POINT('',(0.0015,0.06625,0.05875));
#2364=CARTESIAN_POINT('',(0.0015,0.06625,0.062));
#2365=CARTESIAN_POINT('',(0.0015,-0.065625,0.062));
#2366=CARTESIAN_POINT('',(0.0015,-0.06625,0.062));
#2367=CARTESIAN_POINT('',(0.0015,-0.06625,0.05875));
#2368=CARTESIAN_POINT('',(0.0015,-0.06625,0.0555));
#2369=CARTESIAN_POINT('',(0.0015,-0.065625,0.0555));
#2370=CARTESIAN_POINT('',(0.0015,-0.065,0.0555));
#2371=CARTESIAN_POINT('',(0.0015,-0.065,-2.95879180667833E-18));
#2372=CARTESIAN_POINT('',(0.0015,-0.065,-0.0555));
#2373=CARTESIAN_POINT('',(0.0015,-0.065625,-0.0555));
#2374=CARTESIAN_POINT('',(0.0015,-0.06625,-0.0555));
#2375=CARTESIAN_POINT('',(0.0015,-0.06625,-0.05875));
#2376=CARTESIAN_POINT('',(0.0015,-0.063,0.05875));
#2377=CARTESIAN_POINT('',(0.0015,-0.0615,0.05875));
#2378=CARTESIAN_POINT('',(0.0015,-0.063,-0.05875));
#2379=CARTESIAN_POINT('',(0.0015,-0.0615,-0.05875));
#2380=CARTESIAN_POINT('',(0.0015,0.063,0.05875));
#2381=CARTESIAN_POINT('',(0.0015,0.0645,0.05875));
#2382=CARTESIAN_POINT('',(0.0015,0.063,-0.05875));
#2383=CARTESIAN_POINT('',(0.0015,0.0645,-0.05875));
#2384=CARTESIAN_POINT('',(0.0015,-0.0464,-0.03955));
#2385=CARTESIAN_POINT('',(0.0015,-0.0464,-0.0291));
#2386=CARTESIAN_POINT('',(0.0015,-0.0464,-0.05));
#2387=CARTESIAN_POINT('',(0.0015,-0.0325,-0.0291));
#2388=CARTESIAN_POINT('',(0.0015,-0.0186,-0.0291));
#2389=CARTESIAN_POINT('',(0.0015,-0.0186,-0.03955));
#2390=CARTESIAN_POINT('',(0.0015,-0.0186,-0.05));
#2391=CARTESIAN_POINT('',(0.0015,-0.0325,-0.05));
#2392=CARTESIAN_POINT('',(0.0015,-0.0156,0.045));
#2393=CARTESIAN_POINT('',(0.0015,-0.0244,0.045));
#2394=CARTESIAN_POINT('',(0.0015,-0.0406,0.045));
#2395=CARTESIAN_POINT('',(0.0015,-0.0494,0.045));
#2396=CARTESIAN_POINT('',(0.,0.,0.));
#2397=CARTESIAN_POINT('',(0.,-0.065625,-0.062));
#2398=CARTESIAN_POINT('',(0.,0.06625,-0.062));
#2399=CARTESIAN_POINT('',(0.,-0.06625,-0.062));
#2400=CARTESIAN_POINT('',(0.,-0.06625,-0.05875));
#2401=CARTESIAN_POINT('',(0.,-0.06625,-0.0555));
#2402=CARTESIAN_POINT('',(0.,-0.065625,-0.0555));
#2403=CARTESIAN_POINT('',(0.,-0.065,-0.0555));
#2404=CARTESIAN_POINT('',(0.,-0.065,-2.95879180667833E-18));
#2405=CARTESIAN_POINT('',(0.,-0.065,0.0555));
#2406=CARTESIAN_POINT('',(0.,-0.065625,0.0555));
#2407=CARTESIAN_POINT('',(0.,-0.06625,0.0555));
#2408=CARTESIAN_POINT('',(0.,-0.06625,0.05875));
#2409=CARTESIAN_POINT('',(0.,-0.06625,0.062));
#2410=CARTESIAN_POINT('',(0.,-0.065625,0.062));
#2411=CARTESIAN_POINT('',(0.,0.06625,0.062));
#2412=CARTESIAN_POINT('',(0.,0.06625,0.05875));
#2413=CARTESIAN_POINT('',(0.,0.06625,0.0555));
#2414=CARTESIAN_POINT('',(0.,0.065625,0.0555));
#2415=CARTESIAN_POINT('',(0.,0.065,0.0555));
#2416=CARTESIAN_POINT('',(0.,0.065,-1.09189960011361E-17));
#2417=CARTESIAN_POINT('',(0.,0.065,-0.0555));
#2418=CARTESIAN_POINT('',(0.,0.065625,-0.0555));
#2419=CARTESIAN_POINT('',(0.,0.06625,-0.0555));
#2420=CARTESIAN_POINT('',(0.,0.06625,-0.05875));
#2421=CARTESIAN_POINT('',(0.,-0.063,0.05875));
#2422=CARTESIAN_POINT('',(0.,-0.0615,0.05875));
#2423=CARTESIAN_POINT('',(0.,-0.063,-0.05875));
#2424=CARTESIAN_POINT('',(0.,-0.0615,-0.05875));
#2425=CARTESIAN_POINT('',(0.,0.063,0.05875));
#2426=CARTESIAN_POINT('',(0.,0.0645,0.05875));
#2427=CARTESIAN_POINT('',(0.,0.063,-0.05875));
#2428=CARTESIAN_POINT('',(0.,0.0645,-0.05875));
#2429=CARTESIAN_POINT('',(0.,-0.058,0.058));
#2430=CARTESIAN_POINT('',(0.,-0.06,0.058));
#2431=CARTESIAN_POINT('',(0.,-0.058,0.06));
#2432=CARTESIAN_POINT('',(0.,-0.06,-6.93889390390723E-18));
#2433=CARTESIAN_POINT('',(0.,-0.06,-0.058));
#2434=CARTESIAN_POINT('',(0.,-0.058,-0.058));
#2435=CARTESIAN_POINT('',(0.,-0.058,-0.06));
#2436=CARTESIAN_POINT('',(0.,2.08166817117217E-17,-0.06));
#2437=CARTESIAN_POINT('',(0.,0.058,-0.06));
#2438=CARTESIAN_POINT('',(0.,0.058,-0.058));
#2439=CARTESIAN_POINT('',(0.,0.06,-0.058));
#2440=CARTESIAN_POINT('',(0.,0.06,-6.93889390390723E-18));
#2441=CARTESIAN_POINT('',(0.,0.06,0.058));
#2442=CARTESIAN_POINT('',(0.,0.058,0.058));
#2443=CARTESIAN_POINT('',(0.,0.058,0.06));
#2444=CARTESIAN_POINT('',(0.,0.,0.06));
#2445=CARTESIAN_POINT('',(0.0015,-0.065625,-0.062));
#2446=CARTESIAN_POINT('',(0.0015,0.06625,-0.062));
#2447=CARTESIAN_POINT('',(0.0015,-0.06625,-0.062));
#2448=CARTESIAN_POINT('',(0.0015,0.06625,-0.05875));
#2449=CARTESIAN_POINT('',(0.0015,0.06625,-0.0555));
#2450=CARTESIAN_POINT('',(0.0015,0.065625,-0.0555));
#2451=CARTESIAN_POINT('',(0.0015,0.065,-0.0555));
#2452=CARTESIAN_POINT('',(0.0015,0.065,-1.09189960011361E-17));
#2453=CARTESIAN_POINT('',(0.0015,0.065,0.0555));
#2454=CARTESIAN_POINT('',(0.0015,0.065625,0.0555));
#2455=CARTESIAN_POINT('',(0.0015,0.06625,0.0555));
#2456=CARTESIAN_POINT('',(0.0015,0.06625,0.05875));
#2457=CARTESIAN_POINT('',(0.0015,0.06625,0.062));
#2458=CARTESIAN_POINT('',(0.0015,-0.065625,0.062));
#2459=CARTESIAN_POINT('',(0.0015,-0.06625,0.062));
#2460=CARTESIAN_POINT('',(0.0015,-0.06625,0.05875));
#2461=CARTESIAN_POINT('',(0.0015,-0.06625,0.0555));
#2462=CARTESIAN_POINT('',(0.0015,-0.065625,0.0555));
#2463=CARTESIAN_POINT('',(0.0015,-0.065,0.0555));
#2464=CARTESIAN_POINT('',(0.0015,-0.065,-2.95879180667833E-18));
#2465=CARTESIAN_POINT('',(0.0015,-0.065,-0.0555));
#2466=CARTESIAN_POINT('',(0.0015,-0.065625,-0.0555));
#2467=CARTESIAN_POINT('',(0.0015,-0.06625,-0.0555));
#2468=CARTESIAN_POINT('',(0.0015,0.063,0.05875));
#2469=CARTESIAN_POINT('',(0.0015,-0.063,-0.05875));
#2470=CARTESIAN_POINT('',(0.0015,-0.063,0.05875));
#2471=CARTESIAN_POINT('',(0.0015,-0.06625,-0.05875));
#2472=CARTESIAN_POINT('',(0.0015,0.063,-0.05875));
#2473=CARTESIAN_POINT('',(-0.003,-0.06,-6.93889390390723E-18));
#2474=CARTESIAN_POINT('',(-0.003,-0.06,0.058));
#2475=CARTESIAN_POINT('',(-0.003,-0.06,-0.058));
#2476=CARTESIAN_POINT('',(-0.003,-0.058,0.058));
#2477=CARTESIAN_POINT('',(-0.003,-0.058,0.06));
#2478=CARTESIAN_POINT('',(-0.003,0.,0.06));
#2479=CARTESIAN_POINT('',(-0.003,0.058,0.06));
#2480=CARTESIAN_POINT('',(-0.003,0.058,0.058));
#2481=CARTESIAN_POINT('',(-0.003,0.06,0.058));
#2482=CARTESIAN_POINT('',(-0.003,0.06,-6.93889390390723E-18));
#2483=CARTESIAN_POINT('',(-0.003,0.06,-0.058));
#2484=CARTESIAN_POINT('',(-0.003,0.058,-0.058));
#2485=CARTESIAN_POINT('',(-0.003,0.058,-0.06));
#2486=CARTESIAN_POINT('',(-0.003,2.08166817117217E-17,-0.06));
#2487=CARTESIAN_POINT('',(-0.003,-0.058,-0.06));
#2488=CARTESIAN_POINT('',(-0.003,-0.058,-0.058));
#2489=CARTESIAN_POINT('',(-0.0235,-0.0325,-0.0291));
#2490=CARTESIAN_POINT('',(-0.0235,-0.0186,-0.0291));
#2491=CARTESIAN_POINT('',(-0.0235,-0.0464,-0.0291));
#2492=CARTESIAN_POINT('',(-0.0235,-0.0464,-0.03955));
#2493=CARTESIAN_POINT('',(-0.0235,-0.0464,-0.05));
#2494=CARTESIAN_POINT('',(-0.0235,-0.0325,-0.05));
#2495=CARTESIAN_POINT('',(-0.0235,-0.0186,-0.05));
#2496=CARTESIAN_POINT('',(-0.0235,-0.0186,-0.03955));
#2497=CARTESIAN_POINT('',(-0.0235,0.04,0.045));
#2498=CARTESIAN_POINT('',(-0.0235,-0.0524,-0.03955));
#2499=CARTESIAN_POINT('',(-0.0235,-0.0126,-0.03955));
#2500=CARTESIAN_POINT('',(-0.0235,-0.045,0.025));
#2501=CARTESIAN_POINT('',(-0.0235,0.035,0.045));
#2502=CARTESIAN_POINT('',(-0.0235,-0.0156,0.045));
#2503=CARTESIAN_POINT('',(0.,-0.0156,0.035));
#2504=CARTESIAN_POINT('',(0.,-0.0156,0.035));
#2505=CARTESIAN_POINT('',(0.,-0.0156,0.045));
#2506=CARTESIAN_POINT('',(0.,-0.0156,0.045));
#2507=CARTESIAN_POINT('',(0.,-0.0156,0.055));
#2508=CARTESIAN_POINT('',(0.,-0.0156,0.055));
#2509=CARTESIAN_POINT('',(-0.0235,-0.0244,0.045));
#2510=CARTESIAN_POINT('',(0.,-0.0244,0.055));
#2511=CARTESIAN_POINT('',(0.,-0.0244,0.055));
#2512=CARTESIAN_POINT('',(0.,-0.0244,0.045));
#2513=CARTESIAN_POINT('',(0.,-0.0244,0.045));
#2514=CARTESIAN_POINT('',(0.,-0.0244,0.035));
#2515=CARTESIAN_POINT('',(0.,-0.0244,0.035));
#2516=CARTESIAN_POINT('',(-0.0235,-0.0406,0.045));
#2517=CARTESIAN_POINT('',(0.,-0.0406,0.035));
#2518=CARTESIAN_POINT('',(0.,-0.0406,0.035));
#2519=CARTESIAN_POINT('',(0.,-0.0406,0.045));
#2520=CARTESIAN_POINT('',(0.,-0.0406,0.045));
#2521=CARTESIAN_POINT('',(0.,-0.0406,0.055));
#2522=CARTESIAN_POINT('',(0.,-0.0406,0.055));
#2523=CARTESIAN_POINT('',(-0.0235,-0.0494,0.045));
#2524=CARTESIAN_POINT('',(0.,-0.0494,0.055));
#2525=CARTESIAN_POINT('',(0.,-0.0494,0.055));
#2526=CARTESIAN_POINT('',(0.,-0.0494,0.045));
#2527=CARTESIAN_POINT('',(0.,-0.0494,0.045));
#2528=CARTESIAN_POINT('',(0.,-0.0494,0.035));
#2529=CARTESIAN_POINT('',(0.,-0.0494,0.035));
#2530=CARTESIAN_POINT('',(-0.0235,-0.02,0.025));
#2531=CARTESIAN_POINT('',(0.,1.38777878078145E-17,0.));
#2532=CARTESIAN_POINT('',(0.,-0.045,0.055));
#2533=CARTESIAN_POINT('',(0.,-0.045,0.055));
#2534=CARTESIAN_POINT('',(0.,-0.045,0.035));
#2535=CARTESIAN_POINT('',(0.,-0.045,0.035));
#2536=CARTESIAN_POINT('',(0.,1.38777878078145E-17,0.));
#2537=CARTESIAN_POINT('',(0.,1.38777878078145E-17,0.));
#2538=CARTESIAN_POINT('',(0.,-0.02,0.055));
#2539=CARTESIAN_POINT('',(0.,-0.02,0.055));
#2540=CARTESIAN_POINT('',(0.,-0.02,0.035));
#2541=CARTESIAN_POINT('',(0.,-0.02,0.035));
#2542=CARTESIAN_POINT('',(0.,1.38777878078145E-17,0.));
#2543=CARTESIAN_POINT('',(0.,-0.0325,-0.0072));
#2544=CARTESIAN_POINT('',(0.,-0.0175,-0.0072));
#2545=CARTESIAN_POINT('',(0.,-0.0175,-0.0072));
#2546=CARTESIAN_POINT('',(0.,-0.0325,-0.0072));
#2547=CARTESIAN_POINT('',(0.,-0.0475,-0.0072));
#2548=CARTESIAN_POINT('',(0.,-0.0475,-0.0072));
#2549=CARTESIAN_POINT('',(0.,-0.0175,-0.0147));
#2550=CARTESIAN_POINT('',(0.,-0.0175,-0.0222));
#2551=CARTESIAN_POINT('',(0.,-0.0175,-0.0222));
#2552=CARTESIAN_POINT('',(0.,-0.0175,-0.0147));
#2553=CARTESIAN_POINT('',(0.,-0.0325,-0.0222));
#2554=CARTESIAN_POINT('',(0.,-0.0475,-0.0222));
#2555=CARTESIAN_POINT('',(0.,-0.0475,-0.0222));
#2556=CARTESIAN_POINT('',(0.,-0.0325,-0.0222));
#2557=CARTESIAN_POINT('',(0.,-0.0475,-0.0147));
#2558=CARTESIAN_POINT('',(0.,-0.0475,-0.0147));
#2559=CARTESIAN_POINT('',(0.,1.38777878078145E-17,0.));
#2560=CARTESIAN_POINT('',(0.,1.38777878078145E-17,0.));
#2561=CARTESIAN_POINT('',(0.,0.025,0.041925));
#2562=CARTESIAN_POINT('',(0.,0.021925,0.041925));
#2563=CARTESIAN_POINT('',(0.,0.028075,0.041925));
#2564=CARTESIAN_POINT('',(0.,0.021925,0.045));
#2565=CARTESIAN_POINT('',(0.,0.021925,0.048075));
#2566=CARTESIAN_POINT('',(0.,0.025,0.048075));
#2567=CARTESIAN_POINT('',(0.,0.028075,0.048075));
#2568=CARTESIAN_POINT('',(0.,0.028075,0.045));
#2569=CARTESIAN_POINT('',(0.,0.025,0.041925));
#2570=CARTESIAN_POINT('',(0.,0.021925,0.041925));
#2571=CARTESIAN_POINT('',(0.,0.028075,0.041925));
#2572=CARTESIAN_POINT('',(0.,0.021925,0.045));
#2573=CARTESIAN_POINT('',(0.,0.021925,0.048075));
#2574=CARTESIAN_POINT('',(0.,0.025,0.048075));
#2575=CARTESIAN_POINT('',(0.,0.028075,0.048075));
#2576=CARTESIAN_POINT('',(0.,0.028075,0.045));
#2577=CARTESIAN_POINT('',(-0.016,0.058,-0.028));
#2578=CARTESIAN_POINT('',(-0.014,0.058,-0.028));
#2579=CARTESIAN_POINT('',(-0.014,0.058,-0.056));
#2580=CARTESIAN_POINT('',(-0.014,0.058,1.38777878078145E-17));
#2581=CARTESIAN_POINT('',(-0.016,0.058,1.38777878078145E-17));
#2582=CARTESIAN_POINT('',(-0.016,0.058,-0.056));
#2583=CARTESIAN_POINT('',(-0.016,0.033,-0.058));
#2584=CARTESIAN_POINT('',(-0.016,0.01,-0.058));
#2585=CARTESIAN_POINT('',(-0.014,0.01,-0.058));
#2586=CARTESIAN_POINT('',(-0.014,0.058,-0.058));
#2587=CARTESIAN_POINT('',(-0.014,0.056,-0.058));
#2588=CARTESIAN_POINT('',(-0.003,0.056,-0.058));
#2589=CARTESIAN_POINT('',(-0.016,0.008,-0.028));
#2590=CARTESIAN_POINT('',(-0.014,0.008,-0.058));
#2591=CARTESIAN_POINT('',(-0.014,0.008,1.60172800948525E-17));
#2592=CARTESIAN_POINT('',(-0.014,0.008,-0.056));
#2593=CARTESIAN_POINT('',(-0.016,0.008,-0.056));
#2594=CARTESIAN_POINT('',(-0.016,0.008,1.60172800948525E-17));
#2595=CARTESIAN_POINT('',(-0.016,0.033,0.002));
#2596=CARTESIAN_POINT('',(-0.014,0.033,0.002));
#2597=CARTESIAN_POINT('',(-0.014,0.056,0.002));
#2598=CARTESIAN_POINT('',(-0.014,0.01,0.002));
#2599=CARTESIAN_POINT('',(-0.003,0.01,0.002));
#2600=CARTESIAN_POINT('',(-0.016,0.056,0.002));
#2601=CARTESIAN_POINT('',(-0.016,1.38777878078145E-17,0.));
#2602=CARTESIAN_POINT('',(-0.016,0.01,0.002));
#2603=CARTESIAN_POINT('',(-0.016,0.01,-0.056));
#2604=CARTESIAN_POINT('',(-0.016,0.01,1.56125112837912E-17));
#2605=CARTESIAN_POINT('',(-0.016,1.38777878078145E-17,1.56125112837912E-17));
#2606=CARTESIAN_POINT('',(-0.016,0.056,1.56125112837912E-17));
#2607=CARTESIAN_POINT('',(-0.016,0.056,0.));
#2608=CARTESIAN_POINT('',(-0.016,0.056,-0.056));
#2609=CARTESIAN_POINT('',(-0.016,0.008,-0.056));
#2610=CARTESIAN_POINT('',(-0.016,0.056,1.38777878078145E-17));
#2611=CARTESIAN_POINT('',(-0.014,0.056,1.56125112837912E-17));
#2612=CARTESIAN_POINT('',(-0.014,0.056,1.56125112837912E-17));
#2613=CARTESIAN_POINT('',(-0.014,0.056,1.56125112837912E-17));
#2614=CARTESIAN_POINT('',(-0.014,0.056,1.38777878078145E-17));
#2615=CARTESIAN_POINT('',(-0.016,0.056,-0.056));
#2616=CARTESIAN_POINT('',(-0.014,0.056,-0.056));
#2617=CARTESIAN_POINT('',(-0.014,0.056,-0.028));
#2618=CARTESIAN_POINT('',(-0.014,0.056,-0.056));
#2619=CARTESIAN_POINT('',(-0.014,0.033,1.56125112837912E-17));
#2620=CARTESIAN_POINT('',(-0.014,0.01,1.56125112837912E-17));
#2621=CARTESIAN_POINT('',(-0.016,0.01,1.56125112837912E-17));
#2622=CARTESIAN_POINT('',(-0.014,0.01,1.56125112837912E-17));
#2623=CARTESIAN_POINT('',(-0.014,0.056,-0.056));
#2624=CARTESIAN_POINT('',(-0.014,0.056,-0.056));
#2625=CARTESIAN_POINT('',(-0.014,0.01,1.56125112837912E-17));
#2626=CARTESIAN_POINT('',(-0.014,0.01,1.56125112837912E-17));
#2627=CARTESIAN_POINT('',(-0.014,1.38777878078145E-17,-0.056));
#2628=CARTESIAN_POINT('',(-0.014,0.01,-0.056));
#2629=CARTESIAN_POINT('',(-0.014,0.01,-2.02384405530628E-18));
#2630=CARTESIAN_POINT('',(-0.014,0.01,-0.056));
#2631=CARTESIAN_POINT('',(-0.014,0.01,-0.056));
#2632=CARTESIAN_POINT('',(-0.014,0.01,-0.056));
#2633=CARTESIAN_POINT('',(-0.016,0.01,-0.056));
#2634=MECHANICAL_DESIGN_GEOMETRIC_PRESENTATION_REPRESENTATION('',(#1613),
#2635);
#2635=(
GEOMETRIC_REPRESENTATION_CONTEXT(3)
GLOBAL_UNCERTAINTY_ASSIGNED_CONTEXT((#2636))
GLOBAL_UNIT_ASSIGNED_CONTEXT((#2639,#2638,#2637))
REPRESENTATION_CONTEXT('Part 1','TOP_LEVEL_ASSEMBLY_PART')
);
#2636=UNCERTAINTY_MEASURE_WITH_UNIT(LENGTH_MEASURE(1.E-8),#2639,
'DISTANCE_ACCURACY_VALUE','Maximum Tolerance applied to model');
#2637=(
NAMED_UNIT(*)
SI_UNIT($,.STERADIAN.)
SOLID_ANGLE_UNIT()
);
#2638=(
NAMED_UNIT(*)
PLANE_ANGLE_UNIT()
SI_UNIT($,.RADIAN.)
);
#2639=(
LENGTH_UNIT()
NAMED_UNIT(*)
SI_UNIT($,.METRE.)
);
#2640=PRODUCT_DEFINITION_SHAPE('','',#2641);
#2641=PRODUCT_DEFINITION('','',#2643,#2642);
#2642=PRODUCT_DEFINITION_CONTEXT('',#2649,'design');
#2643=PRODUCT_DEFINITION_FORMATION_WITH_SPECIFIED_SOURCE('','',#2645,
 .NOT_KNOWN.);
#2644=PRODUCT_RELATED_PRODUCT_CATEGORY('','',(#2645));
#2645=PRODUCT('Part 1','Part 1','Part 1',(#2647));
#2646=PRODUCT_CATEGORY('','');
#2647=PRODUCT_CONTEXT('',#2649,'mechanical');
#2648=APPLICATION_PROTOCOL_DEFINITION('international standard',
'ap242_managed_model_based_3d_engineering',2020,#2649);
#2649=APPLICATION_CONTEXT('managed model based 3d engineering');
ENDSEC;
END-ISO-10303-21;
